date,user,funcs,text,reply,parent_thread
2/12/2020 16:12,NathanKhadaroo,expand_grid(), tidyr::expand_grid() is really useful for creating new datasets to see how fitted models perform on new data!,https://twitter.com/NathanKhadaroo/status/1334153550486769665,https://twitter.com/tladeras/status/1333480918158254082
2/12/2020 6:43,sleepydatum,anti_join(),  dplyr::anti_join() is my personal favorite.,https://twitter.com/sleepydatum/status/1334010344704905216,https://twitter.com/tladeras/status/1333480918158254082
2/12/2020 1:19,dragonflystats,, out of curiosity - who are the students? CS? Health Science?,https://twitter.com/dragonflystats/status/1333928718172098560,https://twitter.com/tladeras/status/1333480918158254082
2/12/2020 1:22,tladeras,, Biostatistics students.,https://twitter.com/tladeras/status/1333929477496205312,https://twitter.com/tladeras/status/1333480918158254082
1/12/2020 19:15,eulerdiditfirst,, Writing your own tidy verse functions from chaining tidy verse functions using {{}} . Seriously feels like a super power sometimes,https://twitter.com/eulerdiditfirst/status/1333837073636274176,https://twitter.com/tladeras/status/1333480918158254082
1/12/2020 18:34,pedro_tfonseca,near(), dplyr::near is one of my favorite,https://twitter.com/pedro_tfonseca/status/1333826750749487105,https://twitter.com/tladeras/status/1333480918158254082
1/12/2020 18:28,daniellequinn88,uncount()," dplyr::uncount(); tidyr::complete(); tidyr::fill() / replace_na(); stringr::str_detect() / str_which(); lubridate::ymd_hms() and related functions; ggplot2::labs() - so simple, yet under appreciated!",https://twitter.com/daniellequinn88/status/1333825406739345410,https://twitter.com/tladeras/status/1333480918158254082
1/12/2020 18:28,daniellequinn88,complete()," dplyr::uncount(); tidyr::complete(); tidyr::fill() / replace_na(); stringr::str_detect() / str_which(); lubridate::ymd_hms() and related functions; ggplot2::labs() - so simple, yet under appreciated!",https://twitter.com/daniellequinn88/status/1333825406739345410,https://twitter.com/tladeras/status/1333480918158254082
1/12/2020 18:28,daniellequinn88,fill()," dplyr::uncount(); tidyr::complete(); tidyr::fill() / replace_na(); stringr::str_detect() / str_which(); lubridate::ymd_hms() and related functions; ggplot2::labs() - so simple, yet under appreciated!",https://twitter.com/daniellequinn88/status/1333825406739345410,https://twitter.com/tladeras/status/1333480918158254082
1/12/2020 18:28,daniellequinn88,replace_na()," dplyr::uncount(); tidyr::complete(); tidyr::fill() / replace_na(); stringr::str_detect() / str_which(); lubridate::ymd_hms() and related functions; ggplot2::labs() - so simple, yet under appreciated!",https://twitter.com/daniellequinn88/status/1333825406739345410,https://twitter.com/tladeras/status/1333480918158254082
1/12/2020 18:28,daniellequinn88,str_detect()," dplyr::uncount(); tidyr::complete(); tidyr::fill() / replace_na(); stringr::str_detect() / str_which(); lubridate::ymd_hms() and related functions; ggplot2::labs() - so simple, yet under appreciated!",https://twitter.com/daniellequinn88/status/1333825406739345410,https://twitter.com/tladeras/status/1333480918158254082
1/12/2020 18:28,daniellequinn88,str_which()," dplyr::uncount(); tidyr::complete(); tidyr::fill() / replace_na(); stringr::str_detect() / str_which(); lubridate::ymd_hms() and related functions; ggplot2::labs() - so simple, yet under appreciated!",https://twitter.com/daniellequinn88/status/1333825406739345410,https://twitter.com/tladeras/status/1333480918158254082
1/12/2020 18:28,daniellequinn88,ymd_hms()," dplyr::uncount(); tidyr::complete(); tidyr::fill() / replace_na(); stringr::str_detect() / str_which(); lubridate::ymd_hms() and related functions; ggplot2::labs() - so simple, yet under appreciated!",https://twitter.com/daniellequinn88/status/1333825406739345410,https://twitter.com/tladeras/status/1333480918158254082
1/12/2020 18:28,daniellequinn88,labs()," dplyr::uncount(); tidyr::complete(); tidyr::fill() / replace_na(); stringr::str_detect() / str_which(); lubridate::ymd_hms() and related functions; ggplot2::labs() - so simple, yet under appreciated!",https://twitter.com/daniellequinn88/status/1333825406739345410,https://twitter.com/tladeras/status/1333480918158254082
1/12/2020 17:52,AmeliaMN,separate()," I donâ€™t know if itâ€™s less known or not, by tidyr::separate() is very useful",https://twitter.com/AmeliaMN/status/1333816354168741888,https://twitter.com/tladeras/status/1333480918158254082
1/12/2020 18:04,tladeras,pivot_wider(), Yes! Very useful. I do think that {tidyr} in general is less known outside of pivot_wider() and pivot_longer().,https://twitter.com/tladeras/status/1333819212633030661,https://twitter.com/tladeras/status/1333480918158254082
1/12/2020 18:04,tladeras,pivot_longer(), Yes! Very useful. I do think that {tidyr} in general is less known outside of pivot_wider() and pivot_longer().,https://twitter.com/tladeras/status/1333819212633030661,https://twitter.com/tladeras/status/1333480918158254082
1/12/2020 18:32,ElinWaring,fct_infreq(),  Forcats is also not as well known but has tons of handy functions like fct_infreq().,https://twitter.com/ElinWaring/status/1333826266223534080,https://twitter.com/tladeras/status/1333480918158254082
1/12/2020 17:43,rdh_CLE,dplyr::first(), Dplyr:: first and last,https://twitter.com/rdh_CLE/status/1333813865168199681,https://twitter.com/tladeras/status/1333480918158254082
1/12/2020 17:43,rdh_CLE,dplyr::last(), Dplyr:: first and last,https://twitter.com/rdh_CLE/status/1333813865168199681,https://twitter.com/tladeras/status/1333480918158254082
1/12/2020 16:38,IamBugsPotter,tabyl(), I know it's not official but several times when starting out I would start collapsing things using dplyr before remembering I could just use janitor::tabyl(),https://twitter.com/IamBugsPotter/status/1333797530673442819,https://twitter.com/tladeras/status/1333480918158254082
1/12/2020 16:42,tladeras,tabyl()," tabyl() is the best, along with clean_names().",https://twitter.com/tladeras/status/1333798671838711811,https://twitter.com/tladeras/status/1333480918158254082
1/12/2020 16:42,tladeras,janitor::clean_names()," tabyl() is the best, along with clean_names().",https://twitter.com/tladeras/status/1333798671838711811,https://twitter.com/tladeras/status/1333480918158254082
2/12/2020 1:18,dragonflystats,{janitor},  i love Love LOVE Janitor,https://twitter.com/dragonflystats/status/1333928430426075136,https://twitter.com/tladeras/status/1333480918158254082
1/12/2020 16:29,aosmith16,n_distinct()," I try to squeeze in dplyr::n_distinct() to my basic intro.  In my experience mostly useful for data checking/qaqc (i.e., becoming one with your dataset).",https://twitter.com/aosmith16/status/1333795320753389569,https://twitter.com/tladeras/status/1333480918158254082
1/12/2020 16:43,tladeras,skim()," Yes! Super helpful. I currently use skimr to give students an overview, but that's super helpful in giving single variable summaries.",https://twitter.com/tladeras/status/1333798968858349573,https://twitter.com/tladeras/status/1333480918158254082
1/12/2020 15:47,harlananelson,,  Why would you want students who are just learning r to write about some obscure function?,https://twitter.com/harlananelson/status/1333784842392113160,https://twitter.com/tladeras/status/1333480918158254082
1/12/2020 19:31,tladeras,,"  The point is for them to learn on their own and teach others. These aren't obscure functions, they're just lesser known ones. ; ; I can't teach them everything, so the more I can teach the meta-learning, the better they will be off in the future.",https://twitter.com/tladeras/status/1333841177347379200,https://twitter.com/tladeras/status/1333480918158254082
1/12/2020 15:37,WireMonkey,{forcats}, I use forcats all the time. It's especially helpful in ggplot when reordering an axis.,https://twitter.com/WireMonkey/status/1333782356495241217,https://twitter.com/tladeras/status/1333480918158254082
1/12/2020 16:44,tladeras,{forcats}, Definitely! {forcats} has so many useful functions.,https://twitter.com/tladeras/status/1333799178418360321,https://twitter.com/tladeras/status/1333480918158254082
1/12/2020 15:29,foppoli_luca,fill(),"  tidyr::fill() - extremely useful when creating a usable dataset out of a spreadsheet originally built for data entry, in which redundant informations are only reported once at the beginning of the group they refer to, rather than in every row as needed for the analysis.",https://twitter.com/foppoli_luca/status/1333780245896335360,https://twitter.com/tladeras/status/1333480918158254082
1/12/2020 15:17,SorensenOystein,uncount(), tidyr::uncount(); tidyr::unnest(); dplyr::ntile(),https://twitter.com/SorensenOystein/status/1333777343119241216,https://twitter.com/tladeras/status/1333480918158254082
1/12/2020 15:17,SorensenOystein,unnest(), tidyr::uncount(); tidyr::unnest(); dplyr::ntile(),https://twitter.com/SorensenOystein/status/1333777343119241216,https://twitter.com/tladeras/status/1333480918158254082
1/12/2020 15:17,SorensenOystein,ntile(), tidyr::uncount(); tidyr::unnest(); dplyr::ntile(),https://twitter.com/SorensenOystein/status/1333777343119241216,https://twitter.com/tladeras/status/1333480918158254082
1/12/2020 14:51,randyboyes,coalesce(), dplyr::coalesce() is so handy when you need it,https://twitter.com/randyboyes/status/1333770688818188288,https://twitter.com/tladeras/status/1333480918158254082
1/12/2020 14:39,Airrock_TheRed,case_when()," I personally find case_when(), select(), slice(), and separate_rows() very helpful.",https://twitter.com/Airrock_TheRed/status/1333767571460468741,https://twitter.com/tladeras/status/1333480918158254082
1/12/2020 14:39,Airrock_TheRed,select()," I personally find case_when(), select(), slice(), and separate_rows() very helpful.",https://twitter.com/Airrock_TheRed/status/1333767571460468741,https://twitter.com/tladeras/status/1333480918158254082
1/12/2020 14:39,Airrock_TheRed,slice()," I personally find case_when(), select(), slice(), and separate_rows() very helpful.",https://twitter.com/Airrock_TheRed/status/1333767571460468741,https://twitter.com/tladeras/status/1333480918158254082
1/12/2020 14:39,Airrock_TheRed,separate_rows()," I personally find case_when(), select(), slice(), and separate_rows() very helpful.",https://twitter.com/Airrock_TheRed/status/1333767571460468741,https://twitter.com/tladeras/status/1333480918158254082
1/12/2020 14:28,TooSweetGeek,,  unroll,https://twitter.com/TooSweetGeek/status/1333764835344052224,https://twitter.com/tladeras/status/1333480918158254082
1/12/2020 14:28,threadreaderapp,," Saluti, you can read it here: : Hi Everyone. I'm teaching an #rstats course next quarter. One assignment is to have each student write aboutâ€¦ https://t.co/PJH3wqv7aO Share this if you think it's interesting. ðŸ¤–",https://twitter.com/threadreaderapp/status/1333764855824871424,https://twitter.com/tladeras/status/1333480918158254082
1/12/2020 14:23,rmkubinec,,"  Check out the dplyr window functions, cummin, cummax, cumany and cumall. They don't seen useful at first but they can solve really tricky aggregation problems. https://t.co/aDpXqSB2Vx",https://twitter.com/rmkubinec/status/1333763578428526593,https://twitter.com/tladeras/status/1333480918158254082
1/12/2020 14:12,InflationSquare,paste(),"  %$% makes using paste() easier (among other things). ; I use %T&gt;% View() at the end of %&gt;% chains a lot as well.; dplyr::dense_rank() is another good one that I wouldn't have come across if I didn't know the SQL equivalent.; dplyr::group_[keys, rows, indices] are neat as well",https://twitter.com/InflationSquare/status/1333760840995049472,https://twitter.com/tladeras/status/1333480918158254082
1/12/2020 14:12,InflationSquare,View(),"  %$% makes using paste() easier (among other things). ; I use %T&gt;% View() at the end of %&gt;% chains a lot as well.; dplyr::dense_rank() is another good one that I wouldn't have come across if I didn't know the SQL equivalent.; dplyr::group_[keys, rows, indices] are neat as well",https://twitter.com/InflationSquare/status/1333760840995049472,https://twitter.com/tladeras/status/1333480918158254082
1/12/2020 14:12,InflationSquare,dense_rank(),"  %$% makes using paste() easier (among other things). ; I use %T&gt;% View() at the end of %&gt;% chains a lot as well.; dplyr::dense_rank() is another good one that I wouldn't have come across if I didn't know the SQL equivalent.; dplyr::group_[keys, rows, indices] are neat as well",https://twitter.com/InflationSquare/status/1333760840995049472,https://twitter.com/tladeras/status/1333480918158254082
1/12/2020 14:12,InflationSquare,group_,"  %$% makes using paste() easier (among other things). ; I use %T&gt;% View() at the end of %&gt;% chains a lot as well.; dplyr::dense_rank() is another good one that I wouldn't have come across if I didn't know the SQL equivalent.; dplyr::group_[keys, rows, indices] are neat as well",https://twitter.com/InflationSquare/status/1333760840995049472,https://twitter.com/tladeras/status/1333480918158254082
1/12/2020 14:10,PRLPoliSci,drop_na, A lot of great ones in the thread so far! I'd also toss in `drop_na`,https://twitter.com/PRLPoliSci/status/1333760492221902850,https://twitter.com/tladeras/status/1333480918158254082
1/12/2020 14:09,stateofstats,pivot_wider()," pivot_wider() and pivot_longer(), formerly spread() and gather(). Incredibly useful in converting messy data into something useable",https://twitter.com/stateofstats/status/1333760011944783873,https://twitter.com/tladeras/status/1333480918158254082
1/12/2020 14:09,stateofstats,pivot_longer()," pivot_wider() and pivot_longer(), formerly spread() and gather(). Incredibly useful in converting messy data into something useable",https://twitter.com/stateofstats/status/1333760011944783873,https://twitter.com/tladeras/status/1333480918158254082
1/12/2020 14:09,stateofstats,spread()," pivot_wider() and pivot_longer(), formerly spread() and gather(). Incredibly useful in converting messy data into something useable",https://twitter.com/stateofstats/status/1333760011944783873,https://twitter.com/tladeras/status/1333480918158254082
1/12/2020 14:09,stateofstats,gather()," pivot_wider() and pivot_longer(), formerly spread() and gather(). Incredibly useful in converting messy data into something useable",https://twitter.com/stateofstats/status/1333760011944783873,https://twitter.com/tladeras/status/1333480918158254082
1/12/2020 14:04,Smith80D,fill(),"  tidyr::fill() is the one that I find especially useful, for all those imported Excel files with row headings that are merged. Always assumed it existed, but didn't know its name until a colleague introduced us.",https://twitter.com/Smith80D/status/1333758936869027840,https://twitter.com/tladeras/status/1333480918158254082
1/12/2020 14:03,wzzerd,case_when,"  When you don't teach case_when, students will go years nesting ifelse like absolute chumps! Alternatively, to relabel discrete data I like to left_join with a crosswalk table so the associations are not hardcoded in the script.",https://twitter.com/wzzerd/status/1333758541090480131,https://twitter.com/tladeras/status/1333480918158254082
1/12/2020 14:03,wzzerd,left_join,"  When you don't teach case_when, students will go years nesting ifelse like absolute chumps! Alternatively, to relabel discrete data I like to left_join with a crosswalk table so the associations are not hardcoded in the script.",https://twitter.com/wzzerd/status/1333758541090480131,https://twitter.com/tladeras/status/1333480918158254082
1/12/2020 14:02,Dorialexander,lead(), dplyr::lead and dplyr::lag Very practical especially within groups and yet they can be a bit tricky since it obviously raise NAs on first/last rows.,https://twitter.com/Dorialexander/status/1333758490456756224,
1/12/2020 14:02,Dorialexander,lead(), dplyr::lead and dplyr::lag Very practical especially within groups and yet they can be a bit tricky since it obviously raise NAs on first/last rows.,https://twitter.com/Dorialexander/status/1333758490456756224,https://twitter.com/tladeras/status/1333480918158254082
1/12/2020 14:01,LuisDVerde,enframe(),  tibble::enframe(),https://twitter.com/LuisDVerde/status/1333758091482046465,https://twitter.com/tladeras/status/1333480918158254082
1/12/2020 13:58,sebvanliempd,pivot_longer(), pivot_longer(); pivot_wider(),https://twitter.com/sebvanliempd/status/1333757370858606594,https://twitter.com/tladeras/status/1333480918158254082
1/12/2020 13:58,sebvanliempd,pivot_wider(), pivot_longer(); pivot_wider(),https://twitter.com/sebvanliempd/status/1333757370858606594,https://twitter.com/tladeras/status/1333480918158254082
1/12/2020 13:57,kjhealy,case_when(),  case_when(),https://twitter.com/kjhealy/status/1333757100477050889,https://twitter.com/tladeras/status/1333480918158254082
1/12/2020 13:51,Laserhedvig,distinct()," Oh man I use distinct() so much, especially with arrange() before and .keep_all = T",https://twitter.com/Laserhedvig/status/1333755705900281857,https://twitter.com/tladeras/status/1333480918158254082
1/12/2020 13:51,Laserhedvig,arrange()," Oh man I use distinct() so much, especially with arrange() before and .keep_all = T",https://twitter.com/Laserhedvig/status/1333755705900281857,https://twitter.com/tladeras/status/1333480918158254082
1/12/2020 13:51,Laserhedvig,keep_all," Oh man I use distinct() so much, especially with arrange() before and .keep_all = T",https://twitter.com/Laserhedvig/status/1333755705900281857,https://twitter.com/tladeras/status/1333480918158254082
1/12/2020 10:28,ChloeFouilloux,(), tidyr:: gather () has saved me many a time when wrangling unruly data,https://twitter.com/ChloeFouilloux/status/1333704406446059520,https://twitter.com/tladeras/status/1333480918158254082
1/12/2020 10:19,VizMonkey,add_count, I haven't seen add_count but that's a good one. Also keep and discard. And string_extract,https://twitter.com/VizMonkey/status/1333702366261092353,https://twitter.com/tladeras/status/1333480918158254082
1/12/2020 10:19,VizMonkey,string_extract, I haven't seen add_count but that's a good one. Also keep and discard. And string_extract,https://twitter.com/VizMonkey/status/1333702366261092353,https://twitter.com/tladeras/status/1333480918158254082
1/12/2020 9:59,MattAlhonte,separate()," separate is pretty awesome and something I covet from Python, so much so that I made a blog post about writing a hacky Pandas approximation! https://t.co/se5O4nR1sa",https://twitter.com/MattAlhonte/status/1333697139382362112,https://twitter.com/tladeras/status/1333480918158254082
1/12/2020 9:35,Stephenpedj,,  - You should add this founder to your candid interview list!!,https://twitter.com/Stephenpedj/status/1333691231025577985,https://twitter.com/tladeras/status/1333480918158254082
1/12/2020 8:04,Guy_F_Sutton,unite(), I find myself using tidyr::unite() a lot to clean messy data - particularly useful for making unique and informative ID's for each row. coalesce() and fill() are also little known gems!  :),https://twitter.com/Guy_F_Sutton/status/1333668370668003329,https://twitter.com/tladeras/status/1333480918158254082
1/12/2020 8:04,Guy_F_Sutton,coalesce(), I find myself using tidyr::unite() a lot to clean messy data - particularly useful for making unique and informative ID's for each row. coalesce() and fill() are also little known gems!  :),https://twitter.com/Guy_F_Sutton/status/1333668370668003329,https://twitter.com/tladeras/status/1333480918158254082
1/12/2020 8:04,Guy_F_Sutton,fill(), I find myself using tidyr::unite() a lot to clean messy data - particularly useful for making unique and informative ID's for each row. coalesce() and fill() are also little known gems!  :),https://twitter.com/Guy_F_Sutton/status/1333668370668003329,https://twitter.com/tladeras/status/1333480918158254082
1/12/2020 7:25,ephorie,, Neither of them: https://t.co/Fbw9RHE3YF,https://twitter.com/ephorie/status/1333658582592741376,https://twitter.com/tladeras/status/1333480918158254082
1/12/2020 7:22,Amit_Levinson,group_indices(), Found myself using group_indices() several times in the past weeks. Great for giving groups sequential ids.,https://twitter.com/Amit_Levinson/status/1333657608935387136,https://twitter.com/tladeras/status/1333480918158254082
1/12/2020 7:10,ReillyInnes,pivot_longer, tidyr::pivot_longer/wider; dplyr::n_distinct; tibble::glimpse; Are some of my most used (as well as %&gt;% ),https://twitter.com/ReillyInnes/status/1333654673694154753,https://twitter.com/tladeras/status/1333480918158254082
1/12/2020 7:10,ReillyInnes,n_distinct, tidyr::pivot_longer/wider; dplyr::n_distinct; tibble::glimpse; Are some of my most used (as well as %&gt;% ),https://twitter.com/ReillyInnes/status/1333654673694154753,https://twitter.com/tladeras/status/1333480918158254082
1/12/2020 7:00,bmwiernik,nest(), nest() / unnest(),https://twitter.com/bmwiernik/status/1333652161876602881,https://twitter.com/tladeras/status/1333480918158254082
1/12/2020 7:00,bmwiernik,unnest(), nest() / unnest(),https://twitter.com/bmwiernik/status/1333652161876602881,https://twitter.com/tladeras/status/1333480918158254082
1/12/2020 6:51,BenInquiring,map()," The map() family from {purrr} was a game changer for me. as_mapper() is a nifty little function, but might be a bit advanced.",https://twitter.com/BenInquiring/status/1333649884600143872,https://twitter.com/tladeras/status/1333480918158254082
1/12/2020 6:51,BenInquiring,as_mapper()," The map() family from {purrr} was a game changer for me. as_mapper() is a nifty little function, but might be a bit advanced.",https://twitter.com/BenInquiring/status/1333649884600143872,https://twitter.com/tladeras/status/1333480918158254082
1/12/2020 6:18,brodriguesco,, anything from {purrr},https://twitter.com/brodriguesco/status/1333641723772362752,https://twitter.com/tladeras/status/1333480918158254082
1/12/2020 5:24,vishal_katti,case_when(), case_when() is one of my favourite #rstats  dplyr functions. The formula-like syntax needs more explaining usually. This would be a good candidate for your assignment.,https://twitter.com/vishal_katti/status/1333627919927709698,https://twitter.com/tladeras/status/1333480918158254082
1/12/2020 5:37,tladeras,, We cover it in class. Itâ€™s way too useful to not cover it.,https://twitter.com/tladeras/status/1333631379611869185,https://twitter.com/tladeras/status/1333480918158254082
1/12/2020 5:20,EOTWorld28,{tidyeval}, One more thing that is beneficial to users would be Non Standard Evaluation(NSE); How to send columns name/ column names are strings to user functions.; ; I am yet to get my head around sym/syms ! :),https://twitter.com/EOTWorld28/status/1333626930600415232,https://twitter.com/tladeras/status/1333480918158254082
1/12/2020 5:22,tladeras,{tidyeval}," We may get to curly-curly {{ }}, but it will probably be after we work with {purrr}.",https://twitter.com/tladeras/status/1333627487465574400,https://twitter.com/tladeras/status/1333480918158254082
1/12/2020 4:46,Breza,partial(), partial() is so useful!,https://twitter.com/Breza/status/1333618564658589699,https://twitter.com/tladeras/status/1333480918158254082
1/12/2020 5:18,tladeras,partial(), pryr::partial()?,https://twitter.com/tladeras/status/1333626516580700162,https://twitter.com/tladeras/status/1333480918158254082
1/12/2020 4:40,dh_slone,tidy()," One more and then I'll shut up ðŸ˜.  sf is not part of the tidyverse, but it might as well be.  Spatial file processing that is completely seamless with dplyr, ggplot, etc.  I make all my maps with it these days.; And finally, the tidy() function from broom.",https://twitter.com/dh_slone/status/1333616997213605891,https://twitter.com/tladeras/status/1333480918158254082
1/12/2020 4:42,tladeras,," Yes, {sf} is fantastic! Makes complicated spatial queries and joins much easier.",https://twitter.com/tladeras/status/1333617473757671424,https://twitter.com/tladeras/status/1333480918158254082
1/12/2020 6:06,dh_slone,make_valid(), make_valid() is the sf magic wand that solves random polygon slivers that often exist in data.,https://twitter.com/dh_slone/status/1333638615746961408,https://twitter.com/tladeras/status/1333480918158254082
1/12/2020 4:20,dh_slone,," Not tidyverse per se, but lots of these cover the 'verse:; https://t.co/lPLTvRO02z; I keep a binder of these on my desk.",https://twitter.com/dh_slone/status/1333611979978715137,https://twitter.com/tladeras/status/1333480918158254082
1/12/2020 4:17,dh_slone,between(),  I have not seen between() mentioned yet.  Are you covering magrittr?  %&lt;&gt;% ?,https://twitter.com/dh_slone/status/1333611038454009856,https://twitter.com/tladeras/status/1333480918158254082
1/12/2020 4:26,tladeras,between(),"  We will cover {magrittr} - and yes between() can be very useful. ; ; I am a little leery of the assignment pipe, because it can cause mistakes due to overwriting the data frame.",https://twitter.com/tladeras/status/1333613517098815488,https://twitter.com/tladeras/status/1333480918158254082
1/12/2020 4:29,dh_slone,,  I've never done that and had to start over from the beginning.,https://twitter.com/dh_slone/status/1333614169619386368,https://twitter.com/tladeras/status/1333480918158254082
1/12/2020 4:06,EOTWorld28,group_walk(), I just learnt about the function â€œgroup_walkâ€; My requirement was to store my groups into separate csv files and group_walk() helps in just that in just single line of code!!; ; Still face palming myself to learn this so late !!ðŸ˜€,https://twitter.com/EOTWorld28/status/1333608379097493504,https://twitter.com/tladeras/status/1333480918158254082
1/12/2020 4:27,tladeras,, That's a nice one! Very cool.,https://twitter.com/tladeras/status/1333613706211516416,https://twitter.com/tladeras/status/1333480918158254082
1/12/2020 3:58,cote_energy,slice_max()," slice_max, slice-min",https://twitter.com/cote_energy/status/1333606252828614659,https://twitter.com/tladeras/status/1333480918158254082
1/12/2020 3:58,cote_energy,slice_min()," slice_max, slice-min",https://twitter.com/cote_energy/status/1333606252828614659,https://twitter.com/tladeras/status/1333480918158254082
1/12/2020 18:07,cote_energy,n_tile(), Or n_tile!,https://twitter.com/cote_energy/status/1333820116732145667,https://twitter.com/tladeras/status/1333480918158254082
1/12/2020 3:55,ellis_hughes,parse_," The readr parse_* functions. One of the listeners of #TidyX brought it up, and I've now used it so many places!!",https://twitter.com/ellis_hughes/status/1333605629596901377,https://twitter.com/tladeras/status/1333480918158254082
1/12/2020 3:43,KellyBodwin,add_predictions(), I think broom::add_predictions() is criminally underrated.,https://twitter.com/KellyBodwin/status/1333602696234938368,https://twitter.com/tladeras/status/1333480918158254082
1/12/2020 3:09,lisalendway,complete(), complete(),https://twitter.com/lisalendway/status/1333594125376032769,https://twitter.com/tladeras/status/1333480918158254082
1/12/2020 3:14,tladeras,complete(), Good one! Always forget about complete(),https://twitter.com/tladeras/status/1333595220781383680,https://twitter.com/tladeras/status/1333480918158254082
1/12/2020 3:12,alexcookson,,  Just used this today! So handy!,https://twitter.com/alexcookson/status/1333594852995575816,https://twitter.com/tladeras/status/1333480918158254082
1/12/2020 2:34,jeremy_data,first()," These were less known to me for a long time, but that may just be my own fault :) so, first() last() and nth() on grouped data that is arranged.",https://twitter.com/jeremy_data/status/1333585166388826113,https://twitter.com/tladeras/status/1333480918158254082
1/12/2020 2:34,jeremy_data,last()," These were less known to me for a long time, but that may just be my own fault :) so, first() last() and nth() on grouped data that is arranged.",https://twitter.com/jeremy_data/status/1333585166388826113,https://twitter.com/tladeras/status/1333480918158254082
1/12/2020 2:34,jeremy_data,nth()," These were less known to me for a long time, but that may just be my own fault :) so, first() last() and nth() on grouped data that is arranged.",https://twitter.com/jeremy_data/status/1333585166388826113,https://twitter.com/tladeras/status/1333480918158254082
1/12/2020 2:21,usansky,anti_join(),  dplyr::anti_join();     dplyr::coalesce(),https://twitter.com/usansky/status/1333582033914916865,https://twitter.com/tladeras/status/1333480918158254082
1/12/2020 2:21,usansky,coalesce(),  dplyr::anti_join();     dplyr::coalesce(),https://twitter.com/usansky/status/1333582033914916865,https://twitter.com/tladeras/status/1333480918158254082
1/12/2020 2:07,lopierra,mutate()," Not a function, but I recently discovered you can use .before and .after with mutate() to put the new column where you want it, rather than the default all the way at the end.",https://twitter.com/lopierra/status/1333578538683826176,https://twitter.com/tladeras/status/1333480918158254082
1/12/2020 1:47,wouldeye125,nest(), Honestly? nest() makes a lot of higher level stuff super easy,https://twitter.com/wouldeye125/status/1333573511386968064,https://twitter.com/tladeras/status/1333480918158254082
1/12/2020 2:07,tladeras,nest_by(), For sure. nest_by()/map() is probably one of the most powerful combos in the tidyverse.,https://twitter.com/tladeras/status/1333578509332070401,https://twitter.com/tladeras/status/1333480918158254082
1/12/2020 2:07,tladeras,map(), For sure. nest_by()/map() is probably one of the most powerful combos in the tidyverse.,https://twitter.com/tladeras/status/1333578509332070401,https://twitter.com/tladeras/status/1333480918158254082
1/12/2020 1:46,iamericfletcher,every()," every(), some(), and none() from {purrr}.",https://twitter.com/iamericfletcher/status/1333573236760731649,https://twitter.com/tladeras/status/1333480918158254082
1/12/2020 1:46,iamericfletcher,some()," every(), some(), and none() from {purrr}.",https://twitter.com/iamericfletcher/status/1333573236760731649,https://twitter.com/tladeras/status/1333480918158254082
1/12/2020 1:46,iamericfletcher,none()," every(), some(), and none() from {purrr}.",https://twitter.com/iamericfletcher/status/1333573236760731649,https://twitter.com/tladeras/status/1333480918158254082
1/12/2020 1:06,PeeltothePithy,deframe()," tibble::deframe(), tibble::deframe(); coercing a two-column df to named vector, which I prefer immensely to names(df) &lt;- vec_of_names",https://twitter.com/PeeltothePithy/status/1333563043649900544,https://twitter.com/tladeras/status/1333480918158254082
1/12/2020 1:06,PeeltothePithy,vec_of_names," tibble::deframe(), tibble::deframe(); coercing a two-column df to named vector, which I prefer immensely to names(df) &lt;- vec_of_names",https://twitter.com/PeeltothePithy/status/1333563043649900544,https://twitter.com/tladeras/status/1333480918158254082
1/12/2020 1:27,tladeras,, This one is super helpful. I didn't know  about this one.,https://twitter.com/tladeras/status/1333568392528203776,https://twitter.com/tladeras/status/1333480918158254082
1/12/2020 1:32,grrrck,reduce(),  Oh thatâ€™s cool! I often use purrr::reduce() for this and feel both clever and sorry for whoever reads my code next,https://twitter.com/grrrck/status/1333569666296520705,https://twitter.com/tladeras/status/1333480918158254082
1/12/2020 1:35,PeeltothePithy,left_join(),"  There are some truly horrific reduce(left_join) statements hanging around in some old code of mine, and I apologize to my erstwhile colleagues.",https://twitter.com/PeeltothePithy/status/1333570489785217024,https://twitter.com/tladeras/status/1333480918158254082
1/12/2020 1:09,PeeltothePithy,enframe(), also enframe(); ; DAMN YOU LACK OF EDIT,https://twitter.com/PeeltothePithy/status/1333563930464169987,https://twitter.com/tladeras/status/1333480918158254082
1/12/2020 0:42,CPumarFrohberg,fct_reorder()," forcats::fct_reorder()! Probably quite well-known, but its contribution to ordering levels in a visually intuitive way is not to be underestimated!",https://twitter.com/CPumarFrohberg/status/1333556954514542596,https://twitter.com/tladeras/status/1333480918158254082
1/12/2020 0:36,Bouzoulay,map_dfr()," If it hasn't been mentioned already, purrr::map_dfr() or dplyr::case_when()",https://twitter.com/Bouzoulay/status/1333555515155226627,https://twitter.com/tladeras/status/1333480918158254082
1/12/2020 0:36,Bouzoulay,case_when()," If it hasn't been mentioned already, purrr::map_dfr() or dplyr::case_when()",https://twitter.com/Bouzoulay/status/1333555515155226627,https://twitter.com/tladeras/status/1333480918158254082
1/12/2020 0:15,tw0handt0uch1,crossing(), crossing() is pretty handy and str_glue() can be quite powerful,https://twitter.com/tw0handt0uch1/status/1333550171335008258,https://twitter.com/tladeras/status/1333480918158254082
1/12/2020 0:15,tw0handt0uch1,str_glue(), crossing() is pretty handy and str_glue() can be quite powerful,https://twitter.com/tw0handt0uch1/status/1333550171335008258,https://twitter.com/tladeras/status/1333480918158254082
30/11/2020 23:43:53,Luisfreii,str_trim(),  stringr::str_trim() is pretty good,https://twitter.com/Luisfreii/status/1333542292846731271,https://twitter.com/tladeras/status/1333480918158254082
30/11/2020 23:15:32,ludictech,*_join(),"  The dplyr *_join()s and, well, all of stringr! str_wrap() can be pretty useful for wrapping eg plot titles to a certain length, str_match() or str_detect() are so useful...",https://twitter.com/ludictech/status/1333535157765156864,https://twitter.com/tladeras/status/1333480918158254082
30/11/2020 23:15:32,ludictech,str_wrap(),"  The dplyr *_join()s and, well, all of stringr! str_wrap() can be pretty useful for wrapping eg plot titles to a certain length, str_match() or str_detect() are so useful...",https://twitter.com/ludictech/status/1333535157765156864,https://twitter.com/tladeras/status/1333480918158254082
30/11/2020 23:15:32,ludictech,str_match(),"  The dplyr *_join()s and, well, all of stringr! str_wrap() can be pretty useful for wrapping eg plot titles to a certain length, str_match() or str_detect() are so useful...",https://twitter.com/ludictech/status/1333535157765156864,https://twitter.com/tladeras/status/1333480918158254082
30/11/2020 23:15:32,ludictech,str_detect(),"  The dplyr *_join()s and, well, all of stringr! str_wrap() can be pretty useful for wrapping eg plot titles to a certain length, str_match() or str_detect() are so useful...",https://twitter.com/ludictech/status/1333535157765156864,https://twitter.com/tladeras/status/1333480918158254082
30/11/2020 23:17:52,tladeras,str_wrap(),"  Oh yeah, str_wrap()! I had to use this for tooltips on a plotly plot recently.",https://twitter.com/tladeras/status/1333535746330742784,https://twitter.com/tladeras/status/1333480918158254082
30/11/2020 23:11:26,ludictech,read_csv(),  readr::read_csv() &amp; write_csv() ... (or read_delim() more generally) ?,https://twitter.com/ludictech/status/1333534126150971396,https://twitter.com/tladeras/status/1333480918158254082
30/11/2020 23:11:26,ludictech,write_csv(),  readr::read_csv() &amp; write_csv() ... (or read_delim() more generally) ?,https://twitter.com/ludictech/status/1333534126150971396,https://twitter.com/tladeras/status/1333480918158254082
30/11/2020 23:11:26,ludictech,read_delim(),  readr::read_csv() &amp; write_csv() ... (or read_delim() more generally) ?,https://twitter.com/ludictech/status/1333534126150971396,https://twitter.com/tladeras/status/1333480918158254082
30/11/2020 23:13:14,tladeras,{readr},  Certainly. We spend time with both {readr} and {readxl} because I think that loading data is the biggest point of frustration for students.,https://twitter.com/tladeras/status/1333534582495354880,https://twitter.com/tladeras/status/1333480918158254082
1/12/2020 3:42,apreshill,problems(),   Ooh problems is a good function for importing rx https://t.co/P4ZR57PgOG,https://twitter.com/apreshill/status/1333602216318537728,https://twitter.com/tladeras/status/1333480918158254082
1/12/2020 3:48,tladeras,,   Ooooh. That looks great. Learning so much from this thread!,https://twitter.com/tladeras/status/1333603834279522308,https://twitter.com/tladeras/status/1333480918158254082
30/11/2020 23:05:28,ArthurGailes,across()," Don't know how well known or is because it's new, but I never go a day without using across() anymore",https://twitter.com/ArthurGailes/status/1333532626536124416,https://twitter.com/tladeras/status/1333480918158254082
30/11/2020 23:11:46,tladeras,across(), across() is super useful!,https://twitter.com/tladeras/status/1333534213044244480,https://twitter.com/tladeras/status/1333480918158254082
30/11/2020 22:48:18,Trabendo_daze,case_when(), case_when() but that's pretty well known,https://twitter.com/Trabendo_daze/status/1333528305321062400,https://twitter.com/tladeras/status/1333480918158254082
30/11/2020 23:23:31,tladeras,, There's a reason it's well known! Super Useful.,https://twitter.com/tladeras/status/1333537168375988224,https://twitter.com/tladeras/status/1333480918158254082
30/11/2020 22:32:24,JKubale,str_detect(),"  I don't think str_detect(), case_when(), and zap_label() have been mentioned yet. Highly recommend.",https://twitter.com/JKubale/status/1333524304705716224,https://twitter.com/tladeras/status/1333480918158254082
30/11/2020 22:32:24,JKubale,case_when(),"  I don't think str_detect(), case_when(), and zap_label() have been mentioned yet. Highly recommend.",https://twitter.com/JKubale/status/1333524304705716224,https://twitter.com/tladeras/status/1333480918158254082
30/11/2020 22:32:24,JKubale,zap_label(),"  I don't think str_detect(), case_when(), and zap_label() have been mentioned yet. Highly recommend.",https://twitter.com/JKubale/status/1333524304705716224,https://twitter.com/tladeras/status/1333480918158254082
30/11/2020 22:43:02,tladeras,,"  Nice! I am a little {haven} illiterate, so happy to include this.",https://twitter.com/tladeras/status/1333526981783158786,https://twitter.com/tladeras/status/1333480918158254082
30/11/2020 21:51:49,trentlikesstats,slice(), slice(),https://twitter.com/trentlikesstats/status/1333514089792827392,https://twitter.com/tladeras/status/1333480918158254082
30/11/2020 21:45:07,cmdline_tips,unite(),  like unite() and separate(). have a post based on 's talk https://t.co/Qre4ACTRd6 #rstats,https://twitter.com/cmdline_tips/status/1333512404882350099,https://twitter.com/tladeras/status/1333480918158254082
30/11/2020 21:45:07,cmdline_tips,separate(),  like unite() and separate(). have a post based on 's talk https://t.co/Qre4ACTRd6 #rstats,https://twitter.com/cmdline_tips/status/1333512404882350099,https://twitter.com/tladeras/status/1333480918158254082
30/11/2020 22:08:15,tladeras,,   Nice! Thanks for putting this together.,https://twitter.com/tladeras/status/1333518227360546816,https://twitter.com/tladeras/status/1333480918158254082
30/11/2020 22:13:18,cmdline_tips,,   the post was written immediately after 's talk. I believe video of the talk is available now.,https://twitter.com/cmdline_tips/status/1333519497530138624,https://twitter.com/tladeras/status/1333480918158254082
30/11/2020 21:38:32,robinson_es,,   has a good talk https://t.co/s3LBiZ95tR,https://twitter.com/robinson_es/status/1333510746659987457,https://twitter.com/tladeras/status/1333480918158254082
30/11/2020 23:04:46,jaredlander,,    And  herself has the lesser known stars talk https://t.co/80zdiWhIn4,https://twitter.com/jaredlander/status/1333532449540857862,https://twitter.com/tladeras/status/1333480918158254082
30/11/2020 21:41:40,ameresv,,    One of the favorite. Also his screencast are the best. So much things to learn from it,https://twitter.com/ameresv/status/1333511537433194496,https://twitter.com/tladeras/status/1333480918158254082
30/11/2020 21:40:34,tladeras,,"   Noice! Thanks, Emily.",https://twitter.com/tladeras/status/1333511260126625792,https://twitter.com/tladeras/status/1333480918158254082
30/11/2020 21:34:40,pj_ballantyne,mutate_at(), mutate_at() and mutate_if() ðŸ˜,https://twitter.com/pj_ballantyne/status/1333509774810492935,https://twitter.com/tladeras/status/1333480918158254082
30/11/2020 21:34:40,pj_ballantyne,mutate_if(), mutate_at() and mutate_if() ðŸ˜,https://twitter.com/pj_ballantyne/status/1333509774810492935,https://twitter.com/tladeras/status/1333480918158254082
30/11/2020 21:30:23,nathaneastwood_,with_groups(), There are plenty of lesser known experimental functions in dplyr 1.0.0 like with_groups(). Also some experimental features like .keep in mutate(),https://twitter.com/nathaneastwood_/status/1333508697385881601,https://twitter.com/tladeras/status/1333480918158254082
30/11/2020 21:30:23,nathaneastwood_,mutate(), There are plenty of lesser known experimental functions in dplyr 1.0.0 like with_groups(). Also some experimental features like .keep in mutate(),https://twitter.com/nathaneastwood_/status/1333508697385881601,https://twitter.com/tladeras/status/1333480918158254082
30/11/2020 21:28:13,MikeMahoney218,map_*()," purrr (and furrr) in general imo! I don't know that map_* is more complicated than loops, but I think they're underutilized. Also tidyr::nest and forcats::fct_reorder",https://twitter.com/MikeMahoney218/status/1333508151757463555,https://twitter.com/tladeras/status/1333480918158254082
30/11/2020 21:28:13,MikeMahoney218,fct_reorder()," purrr (and furrr) in general imo! I don't know that map_* is more complicated than loops, but I think they're underutilized. Also tidyr::nest and forcats::fct_reorder",https://twitter.com/MikeMahoney218/status/1333508151757463555,https://twitter.com/tladeras/status/1333480918158254082
30/11/2020 21:35:57,tladeras,, We will get to {purrr} eventually. I've been trying to slowly distentangle the use case so one concept is learned at a time. It's been tricky. ; ; https://t.co/A6r9jWtsCV,https://twitter.com/tladeras/status/1333510099042615296,https://twitter.com/tladeras/status/1333480918158254082
30/11/2020 21:41:48,MikeMahoney218,safely()," TIL about `safely` ðŸ˜‚ I've mostly been writing package code recently &amp; am reluctant to include tidyverse dependencies, but boy oh boy do I have some horrifying `tryCatch` calls that could probably stand to be replaced...",https://twitter.com/MikeMahoney218/status/1333511572212371458,https://twitter.com/tladeras/status/1333480918158254082
30/11/2020 21:47:36,tladeras,safely(), Ha. safely()/possibly() can be super useful and I just learned about it by putting this section together...,https://twitter.com/tladeras/status/1333513030005518338,https://twitter.com/tladeras/status/1333480918158254082
30/11/2020 21:47:36,tladeras,possibly(), Ha. safely()/possibly() can be super useful and I just learned about it by putting this section together...,https://twitter.com/tladeras/status/1333513030005518338,https://twitter.com/tladeras/status/1333480918158254082
30/11/2020 21:28:03,allawayr,pluck(), I went for way too long not knowing about purrr::pluck(),https://twitter.com/allawayr/status/1333508111009673216,https://twitter.com/tladeras/status/1333480918158254082
30/11/2020 21:29:25,allawayr,case_when(), Oh oh and case_when() lets me be super lazy.,https://twitter.com/allawayr/status/1333508455491981314,https://twitter.com/tladeras/status/1333480918158254082
30/11/2020 21:19:36,ijeamaka_a,fct_relevel(),  Forcats::fct_relevel() and forcats::fct_reorder(),https://twitter.com/ijeamaka_a/status/1333505984539414528,https://twitter.com/tladeras/status/1333480918158254082
30/11/2020 21:19:36,ijeamaka_a,fct_reorder(),  Forcats::fct_relevel() and forcats::fct_reorder(),https://twitter.com/ijeamaka_a/status/1333505984539414528,https://twitter.com/tladeras/status/1333480918158254082
30/11/2020 21:19:32,piquergaming,hoist(), Hoist() - when youâ€™re dealing with JSON (or dynamodb in my case) itâ€™s a lifesaver.,https://twitter.com/piquergaming/status/1333505967728824325,https://twitter.com/tladeras/status/1333480918158254082
30/11/2020 21:19:30,chrishanretty,if_else(), if_else (and an example of where you need to use it/where baseR ifelse breaks down),https://twitter.com/chrishanretty/status/1333505958014832642,https://twitter.com/tladeras/status/1333480918158254082
30/11/2020 21:23:39,tladeras,, Super useful!,https://twitter.com/tladeras/status/1333507001263878144,https://twitter.com/tladeras/status/1333480918158254082
30/11/2020 21:18:48,maggiedalena123,anti_join(),  anti_join(),https://twitter.com/maggiedalena123/status/1333505780557836288,https://twitter.com/tladeras/status/1333480918158254082
30/11/2020 21:17:37,JJVenky,across()," mutate(across()) as in; ; data.frame(a=c(q,w,e), b=c(1,2,-1)) %&gt;% mutate(across(c(b), na_if, -1)); ; or; ; data.frame(a=c(q,w,e), b=c(1,2,-1)) %&gt;% mutate(across(c(b), ~replace(., .&lt;0,NA))",https://twitter.com/JJVenky/status/1333505485954310147,https://twitter.com/tladeras/status/1333480918158254082
30/11/2020 21:17:37,JJVenky,na_if()," mutate(across()) as in; ; data.frame(a=c(q,w,e), b=c(1,2,-1)) %&gt;% mutate(across(c(b), na_if, -1)); ; or; ; data.frame(a=c(q,w,e), b=c(1,2,-1)) %&gt;% mutate(across(c(b), ~replace(., .&lt;0,NA))",https://twitter.com/JJVenky/status/1333505485954310147,https://twitter.com/tladeras/status/1333480918158254082
30/11/2020 21:28:10,tladeras,across()," Yup, mutate(across()) is great. I do cover {tidyselect} in my {tidyowl} tutorials: https://t.co/pRvC9YJZQG",https://twitter.com/tladeras/status/1333508141481267200,https://twitter.com/tladeras/status/1333480918158254082
30/11/2020 21:15:55,aecoppock,coalesce(),  dplyr::coalesce(),https://twitter.com/aecoppock/status/1333505057233440770,https://twitter.com/tladeras/status/1333480918158254082
30/11/2020 21:15:42,_echong,pull()," dplyr::pull(), to emphasize the difference between a vector and a one-column dataframe.",https://twitter.com/_echong/status/1333505001839325188,https://twitter.com/tladeras/status/1333480918158254082
30/11/2020 21:20:04,tladeras,pull()," This is really one of the hardest concepts to teach, but agreed, pull() makes it much more clear.",https://twitter.com/tladeras/status/1333506100562329601,https://twitter.com/tladeras/status/1333480918158254082
30/11/2020 21:11:01,apreshill,breaks_pretty(), I think all of the scales package is helpful; ; https://t.co/s5WMZcWwYR; ; I especially like breaks_pretty and the label functions: https://t.co/PtrVT2R7dM,https://twitter.com/apreshill/status/1333503821499293696,https://twitter.com/tladeras/status/1333480918158254082
30/11/2020 21:15:05,tladeras,breaks_pretty()," For sure. I usually don't get to scales when I teach {ggplot2}, but I think it might be worth highlighting the useful cases like breaks_pretty().",https://twitter.com/tladeras/status/1333504845500715009,https://twitter.com/tladeras/status/1333480918158254082
30/11/2020 21:20:12,apreshill,group_indices()," Oh and one more! Sometimes dplyr::group_indices is helpful. The actual reference page is less helpful, but this discussion on the implementation is quite good: https://t.co/sD3iauuN9B",https://twitter.com/apreshill/status/1333506135375159296,https://twitter.com/tladeras/status/1333480918158254082
30/11/2020 20:53:23,gvwilson,lag(), I am frequently surprised by how few people know about lag(),https://twitter.com/gvwilson/status/1333499385662070785,https://twitter.com/tladeras/status/1333480918158254082
2/12/2020 5:54,EvenKeely,lead(),  lead() and lag() are awesome for working with transect point data.,https://twitter.com/EvenKeely/status/1333998054534504449,https://twitter.com/tladeras/status/1333480918158254082
2/12/2020 5:54,EvenKeely,lag(),  lead() and lag() are awesome for working with transect point data.,https://twitter.com/EvenKeely/status/1333998054534504449,https://twitter.com/tladeras/status/1333480918158254082
30/11/2020 20:57:51,tladeras,lead()," Agreed. The documentation/examples are a little terse for lead()/lag(), which may be why few people use them.",https://twitter.com/tladeras/status/1333500509253115904,https://twitter.com/tladeras/status/1333480918158254082
30/11/2020 20:57:51,tladeras,lag()," Agreed. The documentation/examples are a little terse for lead()/lag(), which may be why few people use them.",https://twitter.com/tladeras/status/1333500509253115904,https://twitter.com/tladeras/status/1333480918158254082
30/11/2020 21:07:38,apreshill,,  I think in general the window functions could use some love https://t.co/8z9DdvFQgt,https://twitter.com/apreshill/status/1333502970537922563,https://twitter.com/tladeras/status/1333480918158254082
30/11/2020 21:10:02,tladeras,,  Agreed! I think the window functions are really useful.,https://twitter.com/tladeras/status/1333503577789132800,https://twitter.com/tladeras/status/1333480918158254082
30/11/2020 20:49:45,kaiz_p,left_join()," left_join() and other joins, separate(), recode(), pivot_longer(), pivot_wider(), filter()",https://twitter.com/kaiz_p/status/1333498470842265600,https://twitter.com/tladeras/status/1333480918158254082
30/11/2020 20:49:45,kaiz_p,separate()," left_join() and other joins, separate(), recode(), pivot_longer(), pivot_wider(), filter()",https://twitter.com/kaiz_p/status/1333498470842265600,https://twitter.com/tladeras/status/1333480918158254082
30/11/2020 20:49:45,kaiz_p,recode()," left_join() and other joins, separate(), recode(), pivot_longer(), pivot_wider(), filter()",https://twitter.com/kaiz_p/status/1333498470842265600,https://twitter.com/tladeras/status/1333480918158254082
30/11/2020 20:49:45,kaiz_p,pivot_longer()," left_join() and other joins, separate(), recode(), pivot_longer(), pivot_wider(), filter()",https://twitter.com/kaiz_p/status/1333498470842265600,https://twitter.com/tladeras/status/1333480918158254082
30/11/2020 20:49:45,kaiz_p,pivot_wider()," left_join() and other joins, separate(), recode(), pivot_longer(), pivot_wider(), filter()",https://twitter.com/kaiz_p/status/1333498470842265600,https://twitter.com/tladeras/status/1333480918158254082
30/11/2020 20:49:45,kaiz_p,filter()," left_join() and other joins, separate(), recode(), pivot_longer(), pivot_wider(), filter()",https://twitter.com/kaiz_p/status/1333498470842265600,https://twitter.com/tladeras/status/1333480918158254082
30/11/2020 20:59:28,tladeras,recodeI()," All very useful! I sometimes do get confused over whether to teach recodeI() vs case_when() - they're both useful, but the use cases are different.",https://twitter.com/tladeras/status/1333500916935245824,https://twitter.com/tladeras/status/1333480918158254082
30/11/2020 20:59:28,tladeras,case_when()," All very useful! I sometimes do get confused over whether to teach recodeI() vs case_when() - they're both useful, but the use cases are different.",https://twitter.com/tladeras/status/1333500916935245824,https://twitter.com/tladeras/status/1333480918158254082
30/11/2020 21:08:24,kaiz_p,case_when()," Good point! ; I previously used case_when() for all my recoding needs, but then I discovered recode() and itâ€™s so much easier. Less code = fewer mistakes!",https://twitter.com/kaiz_p/status/1333503163417063424,https://twitter.com/tladeras/status/1333480918158254082
30/11/2020 21:08:24,kaiz_p,recode()," Good point! ; I previously used case_when() for all my recoding needs, but then I discovered recode() and itâ€™s so much easier. Less code = fewer mistakes!",https://twitter.com/kaiz_p/status/1333503163417063424,https://twitter.com/tladeras/status/1333480918158254082
30/11/2020 21:09:25,kaiz_p,case_when(), I now use case_when() mostly when Iâ€™m looking for a string -- grepl() or when working across multiple columns -- case_when(A == â€œaâ€ &amp; B == â€œbâ€ ~ â€œabâ€),https://twitter.com/kaiz_p/status/1333503422117474306,https://twitter.com/tladeras/status/1333480918158254082
30/11/2020 21:09:25,kaiz_p,grepl(), I now use case_when() mostly when Iâ€™m looking for a string -- grepl() or when working across multiple columns -- case_when(A == â€œaâ€ &amp; B == â€œbâ€ ~ â€œabâ€),https://twitter.com/kaiz_p/status/1333503422117474306,https://twitter.com/tladeras/status/1333480918158254082
30/11/2020 21:09:25,kaiz_p,case_when(), I now use case_when() mostly when Iâ€™m looking for a string -- grepl() or when working across multiple columns -- case_when(A == â€œaâ€ &amp; B == â€œbâ€ ~ â€œabâ€),https://twitter.com/kaiz_p/status/1333503422117474306,https://twitter.com/tladeras/status/1333480918158254082
2/12/2020 0:38,EvenKeely,,  (TRUE ~ You missed one),https://twitter.com/EvenKeely/status/1333918419440308224,https://twitter.com/tladeras/status/1333480918158254082
2/12/2020 0:41,tladeras,,  I feel seen.,https://twitter.com/tladeras/status/1333919182245642241,https://twitter.com/tladeras/status/1333480918158254082
30/11/2020 21:11:16,tladeras,case_when()," Very true. It can be hard to see which cases you missed when you write a case_when() statement, much like writing nested if() statements.",https://twitter.com/tladeras/status/1333503885512609793,https://twitter.com/tladeras/status/1333480918158254082
30/11/2020 21:11:16,tladeras,if()," Very true. It can be hard to see which cases you missed when you write a case_when() statement, much like writing nested if() statements.",https://twitter.com/tladeras/status/1333503885512609793,https://twitter.com/tladeras/status/1333480918158254082
30/11/2020 20:43:48,Corey_Yanofsky,replace_na(), dplyr::arrange &amp; helper dplyr::desc; dplyr::coalesce; tidyr::replace_na; ; https://t.co/h9ew04PYcU,https://twitter.com/Corey_Yanofsky/status/1333496974914498567,https://twitter.com/tladeras/status/1333480918158254082
30/11/2020 20:46:12,tladeras,coalesce(), Ha! ; ; And coalesce()/replace_na() are great. Adding them to the list.,https://twitter.com/tladeras/status/1333497578034397184,https://twitter.com/tladeras/status/1333480918158254082
30/11/2020 20:46:12,tladeras,replace_na(), Ha! ; ; And coalesce()/replace_na() are great. Adding them to the list.,https://twitter.com/tladeras/status/1333497578034397184,https://twitter.com/tladeras/status/1333480918158254082
30/11/2020 20:32:01,Recon1974,,  do you teach tidyverse directly or base r first?,https://twitter.com/Recon1974/status/1333494008987987973,https://twitter.com/tladeras/status/1333480918158254082
30/11/2020 20:34:58,tladeras,,"  I teach just enough base R for them to understand vectors, functions, and data.frames. ; ; You can see the previous class here: https://t.co/4WweuqMSl8; ; The rest is mostly tidyverse, except for the cases when they will encounter base-R a lot.",https://twitter.com/tladeras/status/1333494752860278784,https://twitter.com/tladeras/status/1333480918158254082
30/11/2020 20:40:42,tladeras,,"  I know this is probably controversial, but my goal is to get them up and working usefully as quickly as possible, rather than teach a standard programming course, which you have to learn a lot of things before you do something useful.",https://twitter.com/tladeras/status/1333496193091997696,https://twitter.com/tladeras/status/1333480918158254082
30/11/2020 20:30:29,BeltzEcology,floor_date(), lubridate::floor_date; ; I have recently become a HUGE fan!,https://twitter.com/BeltzEcology/status/1333493623468519424,https://twitter.com/tladeras/status/1333480918158254082
1/12/2020 19:17,eulerdiditfirst,{tsibble},  Shout out to tsibble; if youâ€™re using times series data you should def check it out,https://twitter.com/eulerdiditfirst/status/1333837711552221192,https://twitter.com/tladeras/status/1333480918158254082
30/11/2020 21:18:36,JenRichmondPhD,parse_date_time(),  also lubridate::parse_date_time() is kinda magic,https://twitter.com/JenRichmondPhD/status/1333505733300604928,https://twitter.com/tladeras/status/1333480918158254082
30/11/2020 21:49:37,tladeras,,  It is *definitely* magic.,https://twitter.com/tladeras/status/1333513537692393473,https://twitter.com/tladeras/status/1333480918158254082
1/12/2020 4:12,dh_slone,ymd*(),"   most of lubridate is magical.  I use the heck out of ymd...() and similar, with_tz() and force_tz() take care of my biggest headaches, floor_date(), and ceiling_date(), etc.",https://twitter.com/dh_slone/status/1333609783895728131,https://twitter.com/tladeras/status/1333480918158254082
1/12/2020 4:12,dh_slone,with_tz(),"   most of lubridate is magical.  I use the heck out of ymd...() and similar, with_tz() and force_tz() take care of my biggest headaches, floor_date(), and ceiling_date(), etc.",https://twitter.com/dh_slone/status/1333609783895728131,https://twitter.com/tladeras/status/1333480918158254082
1/12/2020 4:12,dh_slone,force_tz(),"   most of lubridate is magical.  I use the heck out of ymd...() and similar, with_tz() and force_tz() take care of my biggest headaches, floor_date(), and ceiling_date(), etc.",https://twitter.com/dh_slone/status/1333609783895728131,https://twitter.com/tladeras/status/1333480918158254082
1/12/2020 4:12,dh_slone,floor_date(),"   most of lubridate is magical.  I use the heck out of ymd...() and similar, with_tz() and force_tz() take care of my biggest headaches, floor_date(), and ceiling_date(), etc.",https://twitter.com/dh_slone/status/1333609783895728131,https://twitter.com/tladeras/status/1333480918158254082
1/12/2020 4:12,dh_slone,ceiling_date(),"   most of lubridate is magical.  I use the heck out of ymd...() and similar, with_tz() and force_tz() take care of my biggest headaches, floor_date(), and ceiling_date(), etc.",https://twitter.com/dh_slone/status/1333609783895728131,https://twitter.com/tladeras/status/1333480918158254082
30/11/2020 20:35:21,tladeras,," Ooh, this is great! Thanks!",https://twitter.com/tladeras/status/1333494847282442241,https://twitter.com/tladeras/status/1333480918158254082
30/11/2020 20:37:36,BeltzEcology,, Welcome!,https://twitter.com/BeltzEcology/status/1333495413157064705,https://twitter.com/tladeras/status/1333480918158254082
30/11/2020 20:15:42,emilmalta,uncount(), I use these all the time:; tidyr::uncount(); tidyr::separate and tidyr::separate_rows(); forcats::fct_inorder(); forcats::fct_infreq(),https://twitter.com/emilmalta/status/1333489903942955011,https://twitter.com/tladeras/status/1333480918158254082
30/11/2020 20:15:42,emilmalta,separate_rows(), I use these all the time:; tidyr::uncount(); tidyr::separate and tidyr::separate_rows(); forcats::fct_inorder(); forcats::fct_infreq(),https://twitter.com/emilmalta/status/1333489903942955011,https://twitter.com/tladeras/status/1333480918158254082
30/11/2020 20:15:42,emilmalta,fct_inorder(), I use these all the time:; tidyr::uncount(); tidyr::separate and tidyr::separate_rows(); forcats::fct_inorder(); forcats::fct_infreq(),https://twitter.com/emilmalta/status/1333489903942955011,https://twitter.com/tladeras/status/1333480918158254082
30/11/2020 20:15:42,emilmalta,fct_infreq(), I use these all the time:; tidyr::uncount(); tidyr::separate and tidyr::separate_rows(); forcats::fct_inorder(); forcats::fct_infreq(),https://twitter.com/emilmalta/status/1333489903942955011,https://twitter.com/tladeras/status/1333480918158254082
30/11/2020 23:49:22,samclifford,fct_explicit_na(),  Been using forcats::fct_explicit_na() of late.,https://twitter.com/samclifford/status/1333543673330536449,https://twitter.com/tladeras/status/1333480918158254082
30/11/2020 20:17:34,tladeras,separate_rows()," Yes, we cover tidyr a little bit. These are great suggestions, especially separate_rows()",https://twitter.com/tladeras/status/1333490373365141504,https://twitter.com/tladeras/status/1333480918158254082
30/11/2020 20:37:29,GenomeGal,separate_rows(),  Yes! Separate_rows is my life - so useful!!,https://twitter.com/GenomeGal/status/1333495383121567744,https://twitter.com/tladeras/status/1333480918158254082
30/11/2020 20:21:21,emilmalta,uncount()," One thing that really made everything click for me, when learning tidy data, was that uncount() is in tidyr, and not dplyr.; ; Itâ€™s kinda subtle, but it was the thing that made me realize that tidying!=transforming.",https://twitter.com/emilmalta/status/1333491323513528324,https://twitter.com/tladeras/status/1333480918158254082
30/11/2020 20:31:05,tladeras,," Yes, this distinction escaped me at first. I guess it's like the form versus content distinction.",https://twitter.com/tladeras/status/1333493773561602048,https://twitter.com/tladeras/status/1333480918158254082
30/11/2020 20:15:12,kaija_bean,pivot_longer(),  pivot_longer() and pivot_wider() are great!,https://twitter.com/kaija_bean/status/1333489778734620672,https://twitter.com/tladeras/status/1333480918158254082
30/11/2020 20:15:12,kaija_bean,pivot_wider(),  pivot_longer() and pivot_wider() are great!,https://twitter.com/kaija_bean/status/1333489778734620672,https://twitter.com/tladeras/status/1333480918158254082
30/11/2020 20:16:33,tladeras,,  They are great!,https://twitter.com/tladeras/status/1333490115440562176,https://twitter.com/tladeras/status/1333480918158254082
30/11/2020 20:15:41,kaija_bean,,"  And although they're basically inverses of each other, each one had different arguments and different things to pay attention to, so I could easily see one student doing each of them without too much overlap.",https://twitter.com/kaija_bean/status/1333489900071563264,https://twitter.com/tladeras/status/1333480918158254082
30/11/2020 20:11:38,JayUlfelder,case_when()," A few that come to mind: dplyr::case_when(), purrr::map(), dplyr::group_map(), purrr::walk(), and purrr::pluck().",https://twitter.com/JayUlfelder/status/1333488879165468674,https://twitter.com/tladeras/status/1333480918158254082
30/11/2020 20:11:38,JayUlfelder,map()," A few that come to mind: dplyr::case_when(), purrr::map(), dplyr::group_map(), purrr::walk(), and purrr::pluck().",https://twitter.com/JayUlfelder/status/1333488879165468674,https://twitter.com/tladeras/status/1333480918158254082
30/11/2020 20:11:38,JayUlfelder,group_map()," A few that come to mind: dplyr::case_when(), purrr::map(), dplyr::group_map(), purrr::walk(), and purrr::pluck().",https://twitter.com/JayUlfelder/status/1333488879165468674,https://twitter.com/tladeras/status/1333480918158254082
30/11/2020 20:11:38,JayUlfelder,walk()," A few that come to mind: dplyr::case_when(), purrr::map(), dplyr::group_map(), purrr::walk(), and purrr::pluck().",https://twitter.com/JayUlfelder/status/1333488879165468674,https://twitter.com/tladeras/status/1333480918158254082
30/11/2020 20:11:38,JayUlfelder,pluck()," A few that come to mind: dplyr::case_when(), purrr::map(), dplyr::group_map(), purrr::walk(), and purrr::pluck().",https://twitter.com/JayUlfelder/status/1333488879165468674,https://twitter.com/tladeras/status/1333480918158254082
30/11/2020 20:13:52,tladeras,case_when()," Yup, these are really useful! I do cover case_when() because it's so universally useful. ; ; And I'm going to cover {purrr} a little bit. group_map() and walk() are great suggestions.",https://twitter.com/tladeras/status/1333489441357275136,https://twitter.com/tladeras/status/1333480918158254082
30/11/2020 20:13:52,tladeras,group_map()," Yup, these are really useful! I do cover case_when() because it's so universally useful. ; ; And I'm going to cover {purrr} a little bit. group_map() and walk() are great suggestions.",https://twitter.com/tladeras/status/1333489441357275136,https://twitter.com/tladeras/status/1333480918158254082
30/11/2020 20:13:52,tladeras,walk()," Yup, these are really useful! I do cover case_when() because it's so universally useful. ; ; And I'm going to cover {purrr} a little bit. group_map() and walk() are great suggestions.",https://twitter.com/tladeras/status/1333489441357275136,https://twitter.com/tladeras/status/1333480918158254082
30/11/2020 20:06:04,ivelasq3,fill(), Is tidyr::fill() lesser known? [regardless I love it]; ; Sharing just in case you haven't seen this! https://t.co/cpJfD56rxB,https://twitter.com/ivelasq3/status/1333487477223526402,https://twitter.com/tladeras/status/1333480918158254082
30/11/2020 20:06:44,tladeras,, Ooh! This is perfect. Thanks!,https://twitter.com/tladeras/status/1333487645633040384,https://twitter.com/tladeras/status/1333480918158254082
30/11/2020 19:42:31,francisco_yira,cut_width()," ggplot2::cut_width, cut_number and cut_interval to transform continuous variables into discrete bins",https://twitter.com/francisco_yira/status/1333481553209352194,https://twitter.com/tladeras/status/1333480918158254082
30/11/2020 19:42:31,francisco_yira,cut_number ()," ggplot2::cut_width, cut_number and cut_interval to transform continuous variables into discrete bins",https://twitter.com/francisco_yira/status/1333481553209352194,https://twitter.com/tladeras/status/1333480918158254082
30/11/2020 19:42:31,francisco_yira,cut_interval()," ggplot2::cut_width, cut_number and cut_interval to transform continuous variables into discrete bins",https://twitter.com/francisco_yira/status/1333481553209352194,https://twitter.com/tladeras/status/1333480918158254082
30/11/2020 19:43:33,tladeras,," Ah, very interesting!",https://twitter.com/tladeras/status/1333481813054873602,https://twitter.com/tladeras/status/1333480918158254082
30/11/2020 19:40:55,tladeras,relocate(),Here's the list so far:; ; - dplyr::relocate(); - dplyr::count() / n(); - dplyr::distinct(); - dplyr::glimpse(); - dplyr::slice(); - ggplot2::geom_count(),https://twitter.com/tladeras/status/1333481150505861122,https://twitter.com/tladeras/status/1333480918158254082
30/11/2020 19:40:55,tladeras,count(),Here's the list so far:; ; - dplyr::relocate(); - dplyr::count() / n(); - dplyr::distinct(); - dplyr::glimpse(); - dplyr::slice(); - ggplot2::geom_count(),https://twitter.com/tladeras/status/1333481150505861122,https://twitter.com/tladeras/status/1333480918158254082
30/11/2020 19:40:55,tladeras,n(),Here's the list so far:; ; - dplyr::relocate(); - dplyr::count() / n(); - dplyr::distinct(); - dplyr::glimpse(); - dplyr::slice(); - ggplot2::geom_count(),https://twitter.com/tladeras/status/1333481150505861122,https://twitter.com/tladeras/status/1333480918158254082
30/11/2020 19:40:55,tladeras,distinct(),Here's the list so far:; ; - dplyr::relocate(); - dplyr::count() / n(); - dplyr::distinct(); - dplyr::glimpse(); - dplyr::slice(); - ggplot2::geom_count(),https://twitter.com/tladeras/status/1333481150505861122,https://twitter.com/tladeras/status/1333480918158254082
30/11/2020 19:40:55,tladeras,glimpse(),Here's the list so far:; ; - dplyr::relocate(); - dplyr::count() / n(); - dplyr::distinct(); - dplyr::glimpse(); - dplyr::slice(); - ggplot2::geom_count(),https://twitter.com/tladeras/status/1333481150505861122,https://twitter.com/tladeras/status/1333480918158254082
30/11/2020 19:40:55,tladeras,slice(),Here's the list so far:; ; - dplyr::relocate(); - dplyr::count() / n(); - dplyr::distinct(); - dplyr::glimpse(); - dplyr::slice(); - ggplot2::geom_count(),https://twitter.com/tladeras/status/1333481150505861122,https://twitter.com/tladeras/status/1333480918158254082
30/11/2020 19:40:55,tladeras,geom_count(),Here's the list so far:; ; - dplyr::relocate(); - dplyr::count() / n(); - dplyr::distinct(); - dplyr::glimpse(); - dplyr::slice(); - ggplot2::geom_count(),https://twitter.com/tladeras/status/1333481150505861122,https://twitter.com/tladeras/status/1333480918158254082
1/12/2020 17:06,robbins_ave,add_count(), dplyr::add_count() is often useful,https://twitter.com/robbins_ave/status/1333804635090419718,https://twitter.com/tladeras/status/1333480918158254082
1/12/2020 14:23,delaBJL,stat_summary," ggplot2::stat_summary is fun; ; I use a lot of the stringr functions, str_remove(), str_detect(); ; pivot_longer() and pivot_wider() are fairly simple to grok and are incredibly useful",https://twitter.com/delaBJL/status/1333763565732376577,https://twitter.com/tladeras/status/1333480918158254082
1/12/2020 14:23,delaBJL,str_remove()," ggplot2::stat_summary is fun; ; I use a lot of the stringr functions, str_remove(), str_detect(); ; pivot_longer() and pivot_wider() are fairly simple to grok and are incredibly useful",https://twitter.com/delaBJL/status/1333763565732376577,https://twitter.com/tladeras/status/1333480918158254082
1/12/2020 14:23,delaBJL,str_detect()," ggplot2::stat_summary is fun; ; I use a lot of the stringr functions, str_remove(), str_detect(); ; pivot_longer() and pivot_wider() are fairly simple to grok and are incredibly useful",https://twitter.com/delaBJL/status/1333763565732376577,https://twitter.com/tladeras/status/1333480918158254082
1/12/2020 14:23,delaBJL,pivot_longer()," ggplot2::stat_summary is fun; ; I use a lot of the stringr functions, str_remove(), str_detect(); ; pivot_longer() and pivot_wider() are fairly simple to grok and are incredibly useful",https://twitter.com/delaBJL/status/1333763565732376577,https://twitter.com/tladeras/status/1333480918158254082
1/12/2020 14:23,delaBJL,pivot_wider()," ggplot2::stat_summary is fun; ; I use a lot of the stringr functions, str_remove(), str_detect(); ; pivot_longer() and pivot_wider() are fairly simple to grok and are incredibly useful",https://twitter.com/delaBJL/status/1333763565732376577,https://twitter.com/tladeras/status/1333480918158254082
1/12/2020 15:37,toeb18,str_wrap(),  str_wrap is also a fantastic one,https://twitter.com/toeb18/status/1333782355174154241,https://twitter.com/tladeras/status/1333480918158254082
1/12/2020 13:59,GMFranceschini,case_when()," case_when(), group_by()/summarise()",https://twitter.com/GMFranceschini/status/1333757584432656386,https://twitter.com/tladeras/status/1333480918158254082
1/12/2020 13:59,GMFranceschini,group_by()," case_when(), group_by()/summarise()",https://twitter.com/GMFranceschini/status/1333757584432656386,https://twitter.com/tladeras/status/1333480918158254082
1/12/2020 13:59,GMFranceschini,summarise()," case_when(), group_by()/summarise()",https://twitter.com/GMFranceschini/status/1333757584432656386,https://twitter.com/tladeras/status/1333480918158254082
