date,user,reply,parent_thread,text
02/12/2020 16:12:48,NathanKhadaroo,https://twitter.com/NathanKhadaroo/status/1334153550486769665,https://twitter.com/tladeras/status/1333480918158254082,"@tladeras tidyr::expand_grid() is really useful for creating new datasets to see how fitted models perform on new data!"
02/12/2020 06:43:45,sleepydatum,https://twitter.com/sleepydatum/status/1334010344704905216,https://twitter.com/tladeras/status/1333480918158254082,"@tladeras @hadleywickham dplyr::anti_join() is my personal favorite."
02/12/2020 01:19:24,dragonflystats,https://twitter.com/dragonflystats/status/1333928718172098560,https://twitter.com/tladeras/status/1333480918158254082,"@tladeras out of curiosity - who are the students? CS? Health Science?"
02/12/2020 01:22:25,tladeras,https://twitter.com/tladeras/status/1333929477496205312,https://twitter.com/tladeras/status/1333480918158254082,"@dragonflystats Biostatistics students."
01/12/2020 19:15:14,eulerdiditfirst,https://twitter.com/eulerdiditfirst/status/1333837073636274176,https://twitter.com/tladeras/status/1333480918158254082,"@tladeras Writing your own tidy verse functions from chaining tidy verse functions using {{}} . Seriously feels like a super power sometimes"
01/12/2020 18:34:13,pedro_tfonseca,https://twitter.com/pedro_tfonseca/status/1333826750749487105,https://twitter.com/tladeras/status/1333480918158254082,"@tladeras dplyr::near is one of my favorite"
01/12/2020 18:28:52,daniellequinn88,https://twitter.com/daniellequinn88/status/1333825406739345410,https://twitter.com/tladeras/status/1333480918158254082,"@tladeras dplyr::uncount(); tidyr::complete(); tidyr::fill() / replace_na(); stringr::str_detect() / str_which(); lubridate::ymd_hms() and related functions; ggplot2::labs() - so simple, yet under appreciated!"
01/12/2020 17:52:54,AmeliaMN,https://twitter.com/AmeliaMN/status/1333816354168741888,https://twitter.com/tladeras/status/1333480918158254082,"@tladeras I don‚Äôt know if it‚Äôs less known or not, by tidyr::separate() is very useful"
01/12/2020 18:04:16,tladeras,https://twitter.com/tladeras/status/1333819212633030661,https://twitter.com/tladeras/status/1333480918158254082,"@AmeliaMN Yes! Very useful. I do think that {tidyr} in general is less known outside of pivot_wider() and pivot_longer()."
01/12/2020 18:32:17,ElinWaring,https://twitter.com/ElinWaring/status/1333826266223534080,https://twitter.com/tladeras/status/1333480918158254082,"@tladeras @AmeliaMN Forcats is also not as well known but has tons of handy functions like fct_infreq()."
01/12/2020 17:43:01,rdh_CLE,https://twitter.com/rdh_CLE/status/1333813865168199681,https://twitter.com/tladeras/status/1333480918158254082,"@tladeras Dplyr:: first and last"
01/12/2020 16:38:06,IamBugsPotter,https://twitter.com/IamBugsPotter/status/1333797530673442819,https://twitter.com/tladeras/status/1333480918158254082,"@tladeras I know it's not official but several times when starting out I would start collapsing things using dplyr before remembering I could just use janitor::tabyl()"
01/12/2020 16:42:38,tladeras,https://twitter.com/tladeras/status/1333798671838711811,https://twitter.com/tladeras/status/1333480918158254082,"@IamBugsPotter tabyl() is the best, along with clean_names()."
02/12/2020 01:18:15,dragonflystats,https://twitter.com/dragonflystats/status/1333928430426075136,https://twitter.com/tladeras/status/1333480918158254082,"@tladeras @IamBugsPotter i love Love LOVE Janitor"
01/12/2020 16:29:19,aosmith16,https://twitter.com/aosmith16/status/1333795320753389569,https://twitter.com/tladeras/status/1333480918158254082,"@tladeras I try to squeeze in dplyr::n_distinct() to my basic intro.  In my experience mostly useful for data checking/qaqc (i.e., becoming one with your dataset)."
01/12/2020 16:43:49,tladeras,https://twitter.com/tladeras/status/1333798968858349573,https://twitter.com/tladeras/status/1333480918158254082,"@aosmith16 Yes! Super helpful. I currently use skimr to give students an overview, but that's super helpful in giving single variable summaries."
01/12/2020 15:47:41,harlananelson,https://twitter.com/harlananelson/status/1333784842392113160,https://twitter.com/tladeras/status/1333480918158254082,"@tladeras @hadleywickham Why would you want students who are just learning r to write about some obscure function?"
01/12/2020 19:31:32,tladeras,https://twitter.com/tladeras/status/1333841177347379200,https://twitter.com/tladeras/status/1333480918158254082,"@harlananelson @hadleywickham The point is for them to learn on their own and teach others. These aren't obscure functions, they're just lesser known ones. ; ; I can't teach them everything, so the more I can teach the meta-learning, the better they will be off in the future."
01/12/2020 15:37:48,WireMonkey,https://twitter.com/WireMonkey/status/1333782356495241217,https://twitter.com/tladeras/status/1333480918158254082,"@tladeras I use forcats all the time. It's especially helpful in ggplot when reordering an axis."
01/12/2020 16:44:39,tladeras,https://twitter.com/tladeras/status/1333799178418360321,https://twitter.com/tladeras/status/1333480918158254082,"@WireMonkey Definitely! {forcats} has so many useful functions."
01/12/2020 15:29:25,foppoli_luca,https://twitter.com/foppoli_luca/status/1333780245896335360,https://twitter.com/tladeras/status/1333480918158254082,"@tladeras @hadleywickham tidyr::fill() - extremely useful when creating a usable dataset out of a spreadsheet originally built for data entry, in which redundant informations are only reported once at the beginning of the group they refer to, rather than in every row as needed for the analysis."
01/12/2020 15:17:53,SorensenOystein,https://twitter.com/SorensenOystein/status/1333777343119241216,https://twitter.com/tladeras/status/1333480918158254082,"@tladeras tidyr::uncount(); tidyr::unnest(); dplyr::ntile()"
01/12/2020 14:51:27,randyboyes,https://twitter.com/randyboyes/status/1333770688818188288,https://twitter.com/tladeras/status/1333480918158254082,"@tladeras dplyr::coalesce() is so handy when you need it"
01/12/2020 14:39:03,Airrock_TheRed,https://twitter.com/Airrock_TheRed/status/1333767571460468741,https://twitter.com/tladeras/status/1333480918158254082,"@tladeras I personally find case_when(), select(), slice(), and separate_rows() very helpful."
01/12/2020 14:28:11,TooSweetGeek,https://twitter.com/TooSweetGeek/status/1333764835344052224,https://twitter.com/tladeras/status/1333480918158254082,"@tladeras @threadreaderapp unroll"
01/12/2020 14:28:16,threadreaderapp,https://twitter.com/threadreaderapp/status/1333764855824871424,https://twitter.com/tladeras/status/1333480918158254082,"@TooSweetGeek Saluti, you can read it here: @tladeras: Hi Everyone. I'm teaching an #rstats course next quarter. One assignment is to have each student write about‚Ä¶ https://t.co/PJH3wqv7aO Share this if you think it's interesting. ü§ñ"
01/12/2020 14:23:11,rmkubinec,https://twitter.com/rmkubinec/status/1333763578428526593,https://twitter.com/tladeras/status/1333480918158254082,"@tladeras @hadleywickham Check out the dplyr window functions, cummin, cummax, cumany and cumall. They don't seen useful at first but they can solve really tricky aggregation problems. https://t.co/aDpXqSB2Vx"
01/12/2020 14:12:19,InflationSquare,https://twitter.com/InflationSquare/status/1333760840995049472,https://twitter.com/tladeras/status/1333480918158254082,"@tladeras @hadleywickham %$% makes using paste() easier (among other things). ; I use %T&gt;% View() at the end of %&gt;% chains a lot as well.; dplyr::dense_rank() is another good one that I wouldn't have come across if I didn't know the SQL equivalent.; dplyr::group_[keys, rows, indices] are neat as well"
01/12/2020 14:10:56,PRLPoliSci,https://twitter.com/PRLPoliSci/status/1333760492221902850,https://twitter.com/tladeras/status/1333480918158254082,"@tladeras A lot of great ones in the thread so far! I'd also toss in `drop_na`"
01/12/2020 14:09:01,stateofstats,https://twitter.com/stateofstats/status/1333760011944783873,https://twitter.com/tladeras/status/1333480918158254082,"@tladeras pivot_wider() and pivot_longer(), formerly spread() and gather(). Incredibly useful in converting messy data into something useable"
01/12/2020 14:04:45,Smith80D,https://twitter.com/Smith80D/status/1333758936869027840,https://twitter.com/tladeras/status/1333480918158254082,"@tladeras @hadleywickham tidyr::fill() is the one that I find especially useful, for all those imported Excel files with row headings that are merged. Always assumed it existed, but didn't know its name until a colleague introduced us."
01/12/2020 14:03:10,wzzerd,https://twitter.com/wzzerd/status/1333758541090480131,https://twitter.com/tladeras/status/1333480918158254082,"@tladeras @hadleywickham When you don't teach case_when, students will go years nesting ifelse like absolute chumps! Alternatively, to relabel discrete data I like to left_join with a crosswalk table so the associations are not hardcoded in the script."
01/12/2020 14:02:58,Dorialexander,https://twitter.com/Dorialexander/status/1333758490456756224,https://twitter.com/tladeras/status/1333480918158254082,"@tladeras dplyr::lead and dplyr::lag Very practical especially within groups and yet they can be a bit tricky since it obviously raise NAs on first/last rows."
01/12/2020 14:01:23,LuisDVerde,https://twitter.com/LuisDVerde/status/1333758091482046465,https://twitter.com/tladeras/status/1333480918158254082,"@tladeras @hadleywickham tibble::enframe()"
01/12/2020 13:58:31,sebvanliempd,https://twitter.com/sebvanliempd/status/1333757370858606594,https://twitter.com/tladeras/status/1333480918158254082,"@tladeras pivot_longer(); pivot_wider()"
01/12/2020 13:57:27,kjhealy,https://twitter.com/kjhealy/status/1333757100477050889,https://twitter.com/tladeras/status/1333480918158254082,"@tladeras @hadleywickham case_when()"
01/12/2020 13:51:54,Laserhedvig,https://twitter.com/Laserhedvig/status/1333755705900281857,https://twitter.com/tladeras/status/1333480918158254082,"@tladeras Oh man I use distinct() so much, especially with arrange() before and .keep_all = T"
01/12/2020 10:28:04,ChloeFouilloux,https://twitter.com/ChloeFouilloux/status/1333704406446059520,https://twitter.com/tladeras/status/1333480918158254082,"@tladeras tidyr:: gather () has saved me many a time when wrangling unruly data"
01/12/2020 10:19:57,VizMonkey,https://twitter.com/VizMonkey/status/1333702366261092353,https://twitter.com/tladeras/status/1333480918158254082,"@tladeras I haven't seen add_count but that's a good one. Also keep and discard. And string_extract"
01/12/2020 09:59:11,MattAlhonte,https://twitter.com/MattAlhonte/status/1333697139382362112,https://twitter.com/tladeras/status/1333480918158254082,"@tladeras "separate" is pretty awesome and something I covet from Python, so much so that I made a blog post about writing a hacky Pandas approximation! https://t.co/se5O4nR1sa"
01/12/2020 09:35:42,Stephenpedj,https://twitter.com/Stephenpedj/status/1333691231025577985,https://twitter.com/tladeras/status/1333480918158254082,"@tladeras @NathanLatka - You should add this founder to your candid interview list!!"
01/12/2020 08:04:52,Guy_F_Sutton,https://twitter.com/Guy_F_Sutton/status/1333668370668003329,https://twitter.com/tladeras/status/1333480918158254082,"@tladeras I find myself using tidyr::unite() a lot to clean messy data - particularly useful for making unique and informative ID's for each row. coalesce() and fill() are also little known gems!  :)"
01/12/2020 07:25:58,ephorie,https://twitter.com/ephorie/status/1333658582592741376,https://twitter.com/tladeras/status/1333480918158254082,"@tladeras Neither of them: https://t.co/Fbw9RHE3YF"
01/12/2020 07:22:06,Amit_Levinson,https://twitter.com/Amit_Levinson/status/1333657608935387136,https://twitter.com/tladeras/status/1333480918158254082,"@tladeras Found myself using group_indices() several times in the past weeks. Great for giving groups sequential ids."
01/12/2020 07:10:26,ReillyInnes,https://twitter.com/ReillyInnes/status/1333654673694154753,https://twitter.com/tladeras/status/1333480918158254082,"@tladeras tidyr::pivot_longer/wider; dplyr::n_distinct; tibble::glimpse; Are some of my most used (as well as %&gt;% )"
01/12/2020 07:00:28,bmwiernik,https://twitter.com/bmwiernik/status/1333652161876602881,https://twitter.com/tladeras/status/1333480918158254082,"@tladeras nest() / unnest()"
01/12/2020 06:51:25,BenInquiring,https://twitter.com/BenInquiring/status/1333649884600143872,https://twitter.com/tladeras/status/1333480918158254082,"@tladeras The map() family from {purrr} was a game changer for me. as_mapper() is a nifty little function, but might be a bit advanced."
01/12/2020 06:18:59,brodriguesco,https://twitter.com/brodriguesco/status/1333641723772362752,https://twitter.com/tladeras/status/1333480918158254082,"@tladeras anything from {purrr}"
01/12/2020 05:24:08,vishal_katti,https://twitter.com/vishal_katti/status/1333627919927709698,https://twitter.com/tladeras/status/1333480918158254082,"@tladeras case_when() is one of my favourite #rstats  dplyr functions. The formula-like syntax needs more explaining usually. This would be a good candidate for your assignment."
01/12/2020 05:37:53,tladeras,https://twitter.com/tladeras/status/1333631379611869185,https://twitter.com/tladeras/status/1333480918158254082,"@vishal_katti We cover it in class. It‚Äôs way too useful to not cover it."
01/12/2020 05:20:12,EOTWorld28,https://twitter.com/EOTWorld28/status/1333626930600415232,https://twitter.com/tladeras/status/1333480918158254082,"@tladeras One more thing that is beneficial to users would be Non Standard Evaluation(NSE); How to send columns name/ column names are strings to user functions.; ; I am yet to get my head around sym/syms ! :)"
01/12/2020 05:22:25,tladeras,https://twitter.com/tladeras/status/1333627487465574400,https://twitter.com/tladeras/status/1333480918158254082,"@EOTWorld28 We may get to curly-curly {{ }}, but it will probably be after we work with {purrr}."
01/12/2020 04:46:57,Breza,https://twitter.com/Breza/status/1333618564658589699,https://twitter.com/tladeras/status/1333480918158254082,"@tladeras partial() is so useful!"
01/12/2020 05:18:33,tladeras,https://twitter.com/tladeras/status/1333626516580700162,https://twitter.com/tladeras/status/1333480918158254082,"@Breza pryr::partial()?"
01/12/2020 04:40:44,dh_slone,https://twitter.com/dh_slone/status/1333616997213605891,https://twitter.com/tladeras/status/1333480918158254082,"@tladeras One more and then I'll shut up üòÅ.  sf is not part of the tidyverse, but it might as well be.  Spatial file processing that is completely seamless with dplyr, ggplot, etc.  I make all my maps with it these days.; And finally, the tidy() function from broom."
01/12/2020 04:42:37,tladeras,https://twitter.com/tladeras/status/1333617473757671424,https://twitter.com/tladeras/status/1333480918158254082,"@dh_slone Yes, {sf} is fantastic! Makes complicated spatial queries and joins much easier."
01/12/2020 06:06:38,dh_slone,https://twitter.com/dh_slone/status/1333638615746961408,https://twitter.com/tladeras/status/1333480918158254082,"@tladeras make_valid() is the sf magic wand that solves random polygon slivers that often exist in data."
01/12/2020 04:20:47,dh_slone,https://twitter.com/dh_slone/status/1333611979978715137,https://twitter.com/tladeras/status/1333480918158254082,"@tladeras Not tidyverse per se, but lots of these cover the 'verse:; https://t.co/lPLTvRO02z; I keep a binder of these on my desk."
01/12/2020 04:17:03,dh_slone,https://twitter.com/dh_slone/status/1333611038454009856,https://twitter.com/tladeras/status/1333480918158254082,"@tladeras @Corey_Yanofsky I have not seen between() mentioned yet.  Are you covering magrittr?  %&lt;&gt;% ?"
01/12/2020 04:26:54,tladeras,https://twitter.com/tladeras/status/1333613517098815488,https://twitter.com/tladeras/status/1333480918158254082,"@dh_slone @Corey_Yanofsky We will cover {magrittr} - and yes between() can be very useful. ; ; I am a little leery of the assignment pipe, because it can cause mistakes due to overwriting the data frame."
01/12/2020 05:03:05,DarcietheWriter,https://twitter.com/DarcietheWriter/status/1333622625038331906,https://twitter.com/tladeras/status/1333480918158254082,"@tladeras @dh_slone @Corey_Yanofsky I write essays for pay, hmu; https://t.co/T5Lv3EJd7B"
01/12/2020 05:02:11,FolksPlug,https://twitter.com/FolksPlug/status/1333622396306251779,https://twitter.com/tladeras/status/1333480918158254082,"@tladeras @dh_slone @Corey_Yanofsky Hello, DM me, I will assist with the task."
01/12/2020 04:29:30,dh_slone,https://twitter.com/dh_slone/status/1333614169619386368,https://twitter.com/tladeras/status/1333480918158254082,"@tladeras @Corey_Yanofsky I've never done that and had to start over from the beginning."
01/12/2020 04:06:29,EOTWorld28,https://twitter.com/EOTWorld28/status/1333608379097493504,https://twitter.com/tladeras/status/1333480918158254082,"@tladeras I just learnt about the function ‚Äúgroup_walk‚Äù; My requirement was to store my groups into separate csv files and group_walk() helps in just that in just single line of code!!; ; Still face palming myself to learn this so late !!üòÄ"
01/12/2020 04:27:39,tladeras,https://twitter.com/tladeras/status/1333613706211516416,https://twitter.com/tladeras/status/1333480918158254082,"@EOTWorld28 That's a nice one! Very cool."
01/12/2020 03:58:02,cote_energy,https://twitter.com/cote_energy/status/1333606252828614659,https://twitter.com/tladeras/status/1333480918158254082,"@tladeras slice_max, slice-min"
01/12/2020 18:07:51,cote_energy,https://twitter.com/cote_energy/status/1333820116732145667,https://twitter.com/tladeras/status/1333480918158254082,"@tladeras Or n_tile!"
01/12/2020 03:55:33,ellis_hughes,https://twitter.com/ellis_hughes/status/1333605629596901377,https://twitter.com/tladeras/status/1333480918158254082,"@tladeras The readr parse_* functions. One of the listeners of #TidyX brought it up, and I've now used it so many places!!"
01/12/2020 03:43:54,KellyBodwin,https://twitter.com/KellyBodwin/status/1333602696234938368,https://twitter.com/tladeras/status/1333480918158254082,"@tladeras I think broom::add_predictions() is criminally underrated."
01/12/2020 03:09:51,lisalendway,https://twitter.com/lisalendway/status/1333594125376032769,https://twitter.com/tladeras/status/1333480918158254082,"@tladeras complete()"
01/12/2020 03:14:12,tladeras,https://twitter.com/tladeras/status/1333595220781383680,https://twitter.com/tladeras/status/1333480918158254082,"@lisalendway Good one! Always forget about complete()"
01/12/2020 03:12:44,alexcookson,https://twitter.com/alexcookson/status/1333594852995575816,https://twitter.com/tladeras/status/1333480918158254082,"@lisalendway @tladeras Just used this today! So handy!"
01/12/2020 02:34:15,jeremy_data,https://twitter.com/jeremy_data/status/1333585166388826113,https://twitter.com/tladeras/status/1333480918158254082,"@tladeras These were less known to me for a long time, but that may just be my own fault :) so, first() last() and nth() on grouped data that is arranged."
01/12/2020 02:21:48,usansky,https://twitter.com/usansky/status/1333582033914916865,https://twitter.com/tladeras/status/1333480918158254082,"@tladeras @allison_horst dplyr::anti_join();     dplyr::coalesce()"
01/12/2020 02:07:54,lopierra,https://twitter.com/lopierra/status/1333578538683826176,https://twitter.com/tladeras/status/1333480918158254082,"@tladeras Not a function, but I recently discovered you can use .before and .after with mutate() to put the new column where you want it, rather than the default all the way at the end."
01/12/2020 01:47:56,wouldeye125,https://twitter.com/wouldeye125/status/1333573511386968064,https://twitter.com/tladeras/status/1333480918158254082,"@tladeras Honestly? nest() makes a lot of higher level stuff super easy"
01/12/2020 02:07:47,tladeras,https://twitter.com/tladeras/status/1333578509332070401,https://twitter.com/tladeras/status/1333480918158254082,"@wouldeye125 For sure. nest_by()/map() is probably one of the most powerful combos in the tidyverse."
01/12/2020 01:46:50,iamericfletcher,https://twitter.com/iamericfletcher/status/1333573236760731649,https://twitter.com/tladeras/status/1333480918158254082,"@tladeras every(), some(), and none() from {purrr}."
01/12/2020 01:06:20,PeeltothePithy,https://twitter.com/PeeltothePithy/status/1333563043649900544,https://twitter.com/tladeras/status/1333480918158254082,"@tladeras tibble::deframe(), tibble::deframe(); coercing a two-column df to named vector, which I prefer immensely to names(df) &lt;- vec_of_names"
01/12/2020 01:27:35,tladeras,https://twitter.com/tladeras/status/1333568392528203776,https://twitter.com/tladeras/status/1333480918158254082,"@PeeltothePithy This one is super helpful. I didn't know  about this one."
01/12/2020 01:32:39,grrrck,https://twitter.com/grrrck/status/1333569666296520705,https://twitter.com/tladeras/status/1333480918158254082,"@tladeras @PeeltothePithy Oh that‚Äôs cool! I often use purrr::reduce() for this and feel both clever and sorry for whoever reads my code next"
01/12/2020 01:35:55,PeeltothePithy,https://twitter.com/PeeltothePithy/status/1333570489785217024,https://twitter.com/tladeras/status/1333480918158254082,"@grrrck @tladeras There are some truly horrific reduce(left_join) statements hanging around in some old code of mine, and I apologize to my erstwhile colleagues."
01/12/2020 01:09:17,PeeltothePithy,https://twitter.com/PeeltothePithy/status/1333563784204529666,https://twitter.com/tladeras/status/1333480918158254082,"@tladeras that should be names(vec) &lt;- vec_of_names but you get it"
01/12/2020 01:09:52,PeeltothePithy,https://twitter.com/PeeltothePithy/status/1333563930464169987,https://twitter.com/tladeras/status/1333480918158254082,"@tladeras also enframe(); ; DAMN YOU LACK OF EDIT"
01/12/2020 00:42:08,CPumarFrohberg,https://twitter.com/CPumarFrohberg/status/1333556954514542596,https://twitter.com/tladeras/status/1333480918158254082,"@tladeras forcats::fct_reorder()! Probably quite well-known, but its contribution to ordering levels in a visually intuitive way is not to be underestimated!"
01/12/2020 00:36:25,Bouzoulay,https://twitter.com/Bouzoulay/status/1333555515155226627,https://twitter.com/tladeras/status/1333480918158254082,"@tladeras If it hasn't been mentioned already, purrr::map_dfr() or dplyr::case_when()"
01/12/2020 00:15:11,tw0handt0uch1,https://twitter.com/tw0handt0uch1/status/1333550171335008258,https://twitter.com/tladeras/status/1333480918158254082,"@tladeras crossing() is pretty handy and str_glue() can be quite powerful"
30/11/2020 23:43:53,Luisfreii,https://twitter.com/Luisfreii/status/1333542292846731271,https://twitter.com/tladeras/status/1333480918158254082,"@tladeras @allison_horst stringr::str_trim() is pretty good"
30/11/2020 23:15:32,ludictech,https://twitter.com/ludictech/status/1333535157765156864,https://twitter.com/tladeras/status/1333480918158254082,"@tladeras @allison_horst The dplyr *_join()s and, well, all of stringr! str_wrap() can be pretty useful for wrapping eg plot titles to a certain length, str_match() or str_detect() are so useful..."
30/11/2020 23:17:52,tladeras,https://twitter.com/tladeras/status/1333535746330742784,https://twitter.com/tladeras/status/1333480918158254082,"@ludictech @allison_horst Oh yeah, str_wrap()! I had to use this for tooltips on a plotly plot recently."
30/11/2020 23:11:26,ludictech,https://twitter.com/ludictech/status/1333534126150971396,https://twitter.com/tladeras/status/1333480918158254082,"@tladeras @allison_horst readr::read_csv() &amp; write_csv() ... (or read_delim() more generally) ?"
30/11/2020 23:13:14,tladeras,https://twitter.com/tladeras/status/1333534582495354880,https://twitter.com/tladeras/status/1333480918158254082,"@ludictech @allison_horst Certainly. We spend time with both {readr} and {readxl} because I think that loading data is the biggest point of frustration for students."
01/12/2020 03:42:00,apreshill,https://twitter.com/apreshill/status/1333602216318537728,https://twitter.com/tladeras/status/1333480918158254082,"@tladeras @ludictech @allison_horst Ooh problems is a good function for importing rx https://t.co/P4ZR57PgOG"
01/12/2020 03:48:25,tladeras,https://twitter.com/tladeras/status/1333603834279522308,https://twitter.com/tladeras/status/1333480918158254082,"@apreshill @ludictech @allison_horst Ooooh. That looks great. Learning so much from this thread!"
30/11/2020 23:05:28,ArthurGailes,https://twitter.com/ArthurGailes/status/1333532626536124416,https://twitter.com/tladeras/status/1333480918158254082,"@tladeras Don't know how well known or is because it's new, but I never go a day without using across() anymore"
30/11/2020 23:11:46,tladeras,https://twitter.com/tladeras/status/1333534213044244480,https://twitter.com/tladeras/status/1333480918158254082,"@ArthurGailes across() is super useful!"
30/11/2020 22:48:18,Trabendo_daze,https://twitter.com/Trabendo_daze/status/1333528305321062400,https://twitter.com/tladeras/status/1333480918158254082,"@tladeras case_when() but that's pretty well known"
30/11/2020 23:23:31,tladeras,https://twitter.com/tladeras/status/1333537168375988224,https://twitter.com/tladeras/status/1333480918158254082,"@Trabendo_daze There's a reason it's well known! Super Useful."
30/11/2020 22:32:24,JKubale,https://twitter.com/JKubale/status/1333524304705716224,https://twitter.com/tladeras/status/1333480918158254082,"@tladeras @allison_horst I don't think str_detect(), case_when(), and zap_label() have been mentioned yet. Highly recommend."
30/11/2020 22:43:02,tladeras,https://twitter.com/tladeras/status/1333526981783158786,https://twitter.com/tladeras/status/1333480918158254082,"@JKubale @allison_horst Nice! I am a little {haven} illiterate, so happy to include this."
30/11/2020 21:51:49,trentlikesstats,https://twitter.com/trentlikesstats/status/1333514089792827392,https://twitter.com/tladeras/status/1333480918158254082,"@tladeras slice()"
30/11/2020 21:45:07,cmdline_tips,https://twitter.com/cmdline_tips/status/1333512404882350099,https://twitter.com/tladeras/status/1333480918158254082,"@tladeras @allison_horst like unite() and separate(). have a post based on @drob's talk https://t.co/Qre4ACTRd6 #rstats"
30/11/2020 22:08:15,tladeras,https://twitter.com/tladeras/status/1333518227360546816,https://twitter.com/tladeras/status/1333480918158254082,"@cmdline_tips @allison_horst @drob Nice! Thanks for putting this together."
30/11/2020 22:13:18,cmdline_tips,https://twitter.com/cmdline_tips/status/1333519497530138624,https://twitter.com/tladeras/status/1333480918158254082,"@tladeras @allison_horst @drob the post was written immediately after @drob's talk. I believe video of the talk is available now."
30/11/2020 21:38:32,robinson_es,https://twitter.com/robinson_es/status/1333510746659987457,https://twitter.com/tladeras/status/1333480918158254082,"@tladeras @allison_horst @drob has a good talk https://t.co/s3LBiZ95tR"
30/11/2020 23:04:46,jaredlander,https://twitter.com/jaredlander/status/1333532449540857862,https://twitter.com/tladeras/status/1333480918158254082,"@robinson_es @tladeras @allison_horst @drob And @robinson_es herself has the lesser known stars talk https://t.co/80zdiWhIn4"
30/11/2020 21:41:40,ameresv,https://twitter.com/ameresv/status/1333511537433194496,https://twitter.com/tladeras/status/1333480918158254082,"@robinson_es @tladeras @allison_horst @drob One of the favorite. Also his screencast are the best. So much things to learn from it"
30/11/2020 21:40:34,tladeras,https://twitter.com/tladeras/status/1333511260126625792,https://twitter.com/tladeras/status/1333480918158254082,"@robinson_es @allison_horst @drob Noice! Thanks, Emily."
30/11/2020 21:34:40,pj_ballantyne,https://twitter.com/pj_ballantyne/status/1333509774810492935,https://twitter.com/tladeras/status/1333480918158254082,"@tladeras mutate_at() and mutate_if() üòç"
30/11/2020 21:30:23,nathaneastwood_,https://twitter.com/nathaneastwood_/status/1333508697385881601,https://twitter.com/tladeras/status/1333480918158254082,"@tladeras There are plenty of lesser known experimental functions in dplyr 1.0.0 like with_groups(). Also some experimental features like .keep in mutate()"
30/11/2020 21:28:13,MikeMahoney218,https://twitter.com/MikeMahoney218/status/1333508151757463555,https://twitter.com/tladeras/status/1333480918158254082,"@tladeras purrr (and furrr) in general imo! I don't know that map_* is more complicated than loops, but I think they're underutilized. Also tidyr::nest and forcats::fct_reorder"
30/11/2020 21:35:57,tladeras,https://twitter.com/tladeras/status/1333510099042615296,https://twitter.com/tladeras/status/1333480918158254082,"@MikeMahoney218 We will get to {purrr} eventually. I've been trying to slowly distentangle the use case so one concept is learned at a time. It's been tricky. ; ; https://t.co/A6r9jWtsCV"
30/11/2020 21:41:48,MikeMahoney218,https://twitter.com/MikeMahoney218/status/1333511572212371458,https://twitter.com/tladeras/status/1333480918158254082,"@tladeras TIL about `safely` üòÇ I've mostly been writing package code recently &amp; am reluctant to include tidyverse dependencies, but boy oh boy do I have some horrifying `tryCatch` calls that could probably stand to be replaced..."
30/11/2020 21:47:36,tladeras,https://twitter.com/tladeras/status/1333513030005518338,https://twitter.com/tladeras/status/1333480918158254082,"@MikeMahoney218 Ha. safely()/possibly() can be super useful and I just learned about it by putting this section together..."
30/11/2020 21:28:03,allawayr,https://twitter.com/allawayr/status/1333508111009673216,https://twitter.com/tladeras/status/1333480918158254082,"@tladeras I went for way too long not knowing about purrr::pluck()"
30/11/2020 21:29:25,allawayr,https://twitter.com/allawayr/status/1333508455491981314,https://twitter.com/tladeras/status/1333480918158254082,"@tladeras Oh oh and case_when() lets me be super lazy."
30/11/2020 21:19:36,ijeamaka_a,https://twitter.com/ijeamaka_a/status/1333505984539414528,https://twitter.com/tladeras/status/1333480918158254082,"@tladeras @allison_horst Forcats::fct_relevel() and forcats::fct_reorder()"
30/11/2020 21:19:32,piquergaming,https://twitter.com/piquergaming/status/1333505967728824325,https://twitter.com/tladeras/status/1333480918158254082,"@tladeras Hoist() - when you‚Äôre dealing with JSON (or dynamodb in my case) it‚Äôs a lifesaver."
30/11/2020 21:19:30,chrishanretty,https://twitter.com/chrishanretty/status/1333505958014832642,https://twitter.com/tladeras/status/1333480918158254082,"@tladeras if_else (and an example of where you need to use it/where baseR ifelse breaks down)"
30/11/2020 21:23:39,tladeras,https://twitter.com/tladeras/status/1333507001263878144,https://twitter.com/tladeras/status/1333480918158254082,"@chrishanretty Super useful!"
30/11/2020 21:18:48,maggiedalena123,https://twitter.com/maggiedalena123/status/1333505780557836288,https://twitter.com/tladeras/status/1333480918158254082,"@tladeras @allison_horst anti_join()"
30/11/2020 21:17:37,JJVenky,https://twitter.com/JJVenky/status/1333505485954310147,https://twitter.com/tladeras/status/1333480918158254082,"@tladeras mutate(across()) as in; ; data.frame(a=c("q","w","e"), b=c(1,2,-1)) %&gt;% mutate(across(c(b), na_if, -1)); ; or; ; data.frame(a=c("q","w","e"), b=c(1,2,-1)) %&gt;% mutate(across(c(b), ~replace(., .&lt;0,NA))"
30/11/2020 21:28:10,tladeras,https://twitter.com/tladeras/status/1333508141481267200,https://twitter.com/tladeras/status/1333480918158254082,"@JJVenky Yup, mutate(across()) is great. I do cover {tidyselect} in my {tidyowl} tutorials: https://t.co/pRvC9YJZQG"
30/11/2020 21:15:55,aecoppock,https://twitter.com/aecoppock/status/1333505057233440770,https://twitter.com/tladeras/status/1333480918158254082,"@tladeras @allison_horst dplyr::coalesce()"
30/11/2020 21:15:42,_echong,https://twitter.com/_echong/status/1333505001839325188,https://twitter.com/tladeras/status/1333480918158254082,"@tladeras dplyr::pull(), to emphasize the difference between a vector and a one-column dataframe."
30/11/2020 21:20:04,tladeras,https://twitter.com/tladeras/status/1333506100562329601,https://twitter.com/tladeras/status/1333480918158254082,"@_echong This is really one of the hardest concepts to teach, but agreed, pull() makes it much more clear."
30/11/2020 21:11:01,apreshill,https://twitter.com/apreshill/status/1333503821499293696,https://twitter.com/tladeras/status/1333480918158254082,"@tladeras I think all of the scales package is helpful; ; https://t.co/s5WMZcWwYR; ; I especially like breaks_pretty and the label functions: https://t.co/PtrVT2R7dM"
30/11/2020 21:15:05,tladeras,https://twitter.com/tladeras/status/1333504845500715009,https://twitter.com/tladeras/status/1333480918158254082,"@apreshill For sure. I usually don't get to scales when I teach {ggplot2}, but I think it might be worth highlighting the useful cases like breaks_pretty()."
30/11/2020 21:20:12,apreshill,https://twitter.com/apreshill/status/1333506135375159296,https://twitter.com/tladeras/status/1333480918158254082,"@tladeras Oh and one more! Sometimes dplyr::group_indices is helpful. The actual reference page is less helpful, but this discussion on the implementation is quite good: https://t.co/sD3iauuN9B"
30/11/2020 20:53:23,gvwilson,https://twitter.com/gvwilson/status/1333499385662070785,https://twitter.com/tladeras/status/1333480918158254082,"@tladeras I am frequently surprised by how few people know about lag()"
02/12/2020 05:54:55,EvenKeely,https://twitter.com/EvenKeely/status/1333998054534504449,https://twitter.com/tladeras/status/1333480918158254082,"@gvwilson @tladeras lead() and lag() are awesome for working with transect point data."
30/11/2020 20:57:51,tladeras,https://twitter.com/tladeras/status/1333500509253115904,https://twitter.com/tladeras/status/1333480918158254082,"@gvwilson Agreed. The documentation/examples are a little terse for lead()/lag(), which may be why few people use them."
30/11/2020 21:07:38,apreshill,https://twitter.com/apreshill/status/1333502970537922563,https://twitter.com/tladeras/status/1333480918158254082,"@tladeras @gvwilson I think in general the window functions could use some love https://t.co/8z9DdvFQgt"
30/11/2020 21:10:02,tladeras,https://twitter.com/tladeras/status/1333503577789132800,https://twitter.com/tladeras/status/1333480918158254082,"@apreshill @gvwilson Agreed! I think the window functions are really useful."
30/11/2020 20:49:45,kaiz_p,https://twitter.com/kaiz_p/status/1333498470842265600,https://twitter.com/tladeras/status/1333480918158254082,"@tladeras left_join() and other joins, separate(), recode(), pivot_longer(), pivot_wider(), filter()"
30/11/2020 20:59:28,tladeras,https://twitter.com/tladeras/status/1333500916935245824,https://twitter.com/tladeras/status/1333480918158254082,"@kaiz_p All very useful! I sometimes do get confused over whether to teach recodeI() vs case_when() - they're both useful, but the use cases are different."
30/11/2020 21:08:24,kaiz_p,https://twitter.com/kaiz_p/status/1333503163417063424,https://twitter.com/tladeras/status/1333480918158254082,"@tladeras Good point! ; I previously used case_when() for all my recoding needs, but then I discovered recode() and it‚Äôs so much easier. Less code = fewer mistakes!"
30/11/2020 21:09:25,kaiz_p,https://twitter.com/kaiz_p/status/1333503422117474306,https://twitter.com/tladeras/status/1333480918158254082,"@tladeras I now use case_when() mostly when I‚Äôm looking for a string -- grepl() or when working across multiple columns -- case_when(A == ‚Äúa‚Äù &amp; B == ‚Äúb‚Äù ~ ‚Äúab‚Äù)"
02/12/2020 00:38:28,EvenKeely,https://twitter.com/EvenKeely/status/1333918419440308224,https://twitter.com/tladeras/status/1333480918158254082,"@kaiz_p @tladeras (TRUE ~ "You missed one")"
02/12/2020 00:41:30,tladeras,https://twitter.com/tladeras/status/1333919182245642241,https://twitter.com/tladeras/status/1333480918158254082,"@EvenKeely @kaiz_p I feel seen."
30/11/2020 21:11:16,tladeras,https://twitter.com/tladeras/status/1333503885512609793,https://twitter.com/tladeras/status/1333480918158254082,"@kaiz_p Very true. It can be hard to see which "cases" you missed when you write a case_when() statement, much like writing nested if() statements."
30/11/2020 20:43:48,Corey_Yanofsky,https://twitter.com/Corey_Yanofsky/status/1333496974914498567,https://twitter.com/tladeras/status/1333480918158254082,"@tladeras dplyr::arrange &amp; helper dplyr::desc; dplyr::coalesce; tidyr::replace_na; ; https://t.co/h9ew04PYcU"
30/11/2020 20:46:12,tladeras,https://twitter.com/tladeras/status/1333497578034397184,https://twitter.com/tladeras/status/1333480918158254082,"@Corey_Yanofsky Ha! ; ; And coalesce()/replace_na() are great. Adding them to the list."
30/11/2020 20:32:01,Recon1974,https://twitter.com/Recon1974/status/1333494008987987973,https://twitter.com/tladeras/status/1333480918158254082,"@tladeras @rstats4ds do you teach tidyverse directly or base r first?"
30/11/2020 20:34:58,tladeras,https://twitter.com/tladeras/status/1333494752860278784,https://twitter.com/tladeras/status/1333480918158254082,"@Recon1974 @rstats4ds I teach just enough base R for them to understand vectors, functions, and data.frames. ; ; You can see the previous class here: https://t.co/4WweuqMSl8; ; The rest is mostly tidyverse, except for the cases when they will encounter base-R a lot."
30/11/2020 20:40:42,tladeras,https://twitter.com/tladeras/status/1333496193091997696,https://twitter.com/tladeras/status/1333480918158254082,"@Recon1974 @rstats4ds I know this is probably controversial, but my goal is to get them up and working usefully as quickly as possible, rather than teach a standard programming course, which you have to learn a lot of things before you do something useful."
30/11/2020 20:30:29,BeltzEcology,https://twitter.com/BeltzEcology/status/1333493623468519424,https://twitter.com/tladeras/status/1333480918158254082,"@tladeras lubridate::floor_date; ; I have recently become a HUGE fan!"
01/12/2020 19:17:46,eulerdiditfirst,https://twitter.com/eulerdiditfirst/status/1333837711552221192,https://twitter.com/tladeras/status/1333480918158254082,"@BeltzEcology @tladeras Shout out to tsibble; if you‚Äôre using times series data you should def check it out"
30/11/2020 21:18:36,JenRichmondPhD,https://twitter.com/JenRichmondPhD/status/1333505733300604928,https://twitter.com/tladeras/status/1333480918158254082,"@BeltzEcology @tladeras also lubridate::parse_date_time() is kinda magic"
30/11/2020 21:49:37,tladeras,https://twitter.com/tladeras/status/1333513537692393473,https://twitter.com/tladeras/status/1333480918158254082,"@JenRichmondPhD @BeltzEcology It is *definitely* magic."
01/12/2020 04:12:04,dh_slone,https://twitter.com/dh_slone/status/1333609783895728131,https://twitter.com/tladeras/status/1333480918158254082,"@tladeras @JenRichmondPhD @BeltzEcology most of lubridate is magical.  I use the heck out of ymd...() and similar, with_tz() and force_tz() take care of my biggest headaches, floor_date(), and ceiling_date(), etc."
30/11/2020 20:35:21,tladeras,https://twitter.com/tladeras/status/1333494847282442241,https://twitter.com/tladeras/status/1333480918158254082,"@BeltzEcology Ooh, this is great! Thanks!"
30/11/2020 20:37:36,BeltzEcology,https://twitter.com/BeltzEcology/status/1333495413157064705,https://twitter.com/tladeras/status/1333480918158254082,"@tladeras Welcome!"
30/11/2020 20:15:42,emilmalta,https://twitter.com/emilmalta/status/1333489903942955011,https://twitter.com/tladeras/status/1333480918158254082,"@tladeras I use these all the time:; tidyr::uncount(); tidyr::separate and tidyr::separate_rows(); forcats::fct_inorder(); forcats::fct_infreq()"
30/11/2020 23:49:22,samclifford,https://twitter.com/samclifford/status/1333543673330536449,https://twitter.com/tladeras/status/1333480918158254082,"@emilmalta @tladeras Been using forcats::fct_explicit_na() of late."
30/11/2020 20:17:34,tladeras,https://twitter.com/tladeras/status/1333490373365141504,https://twitter.com/tladeras/status/1333480918158254082,"@emilmalta Yes, we cover tidyr a little bit. These are great suggestions, especially separate_rows()"
30/11/2020 20:37:29,GenomeGal,https://twitter.com/GenomeGal/status/1333495383121567744,https://twitter.com/tladeras/status/1333480918158254082,"@tladeras @emilmalta Yes! Separate_rows is my life - so useful!!"
30/11/2020 20:21:21,emilmalta,https://twitter.com/emilmalta/status/1333491323513528324,https://twitter.com/tladeras/status/1333480918158254082,"@tladeras One thing that really made everything click for me, when learning tidy data, was that uncount() is in tidyr, and not dplyr.; ; It‚Äôs kinda subtle, but it was the thing that made me realize that tidying!=transforming."
30/11/2020 20:31:05,tladeras,https://twitter.com/tladeras/status/1333493773561602048,https://twitter.com/tladeras/status/1333480918158254082,"@emilmalta Yes, this distinction escaped me at first. I guess it's like the form versus content distinction."
30/11/2020 20:15:12,kaija_bean,https://twitter.com/kaija_bean/status/1333489778734620672,https://twitter.com/tladeras/status/1333480918158254082,"@tladeras @rstatstweet pivot_longer() and pivot_wider() are great!"
30/11/2020 20:16:33,tladeras,https://twitter.com/tladeras/status/1333490115440562176,https://twitter.com/tladeras/status/1333480918158254082,"@kaija_bean @rstatstweet They are great!"
30/11/2020 20:15:41,kaija_bean,https://twitter.com/kaija_bean/status/1333489900071563264,https://twitter.com/tladeras/status/1333480918158254082,"@tladeras @rstatstweet And although they're basically inverses of each other, each one had different arguments and different things to pay attention to, so I could easily see one student doing each of them without too much overlap."
30/11/2020 20:11:38,JayUlfelder,https://twitter.com/JayUlfelder/status/1333488879165468674,https://twitter.com/tladeras/status/1333480918158254082,"@tladeras A few that come to mind: dplyr::case_when(), purrr::map(), dplyr::group_map(), purrr::walk(), and purrr::pluck()."
30/11/2020 20:13:52,tladeras,https://twitter.com/tladeras/status/1333489441357275136,https://twitter.com/tladeras/status/1333480918158254082,"@JayUlfelder Yup, these are really useful! I do cover case_when() because it's so universally useful. ; ; And I'm going to cover {purrr} a little bit. group_map() and walk() are great suggestions."
30/11/2020 20:06:04,ivelasq3,https://twitter.com/ivelasq3/status/1333487477223526402,https://twitter.com/tladeras/status/1333480918158254082,"@tladeras Is tidyr::fill() lesser known? [regardless I love it]; ; Sharing just in case you haven't seen this! https://t.co/cpJfD56rxB"
30/11/2020 20:06:44,tladeras,https://twitter.com/tladeras/status/1333487645633040384,https://twitter.com/tladeras/status/1333480918158254082,"@ivelasq3 Ooh! This is perfect. Thanks!"
30/11/2020 19:42:31,francisco_yira,https://twitter.com/francisco_yira/status/1333481553209352194,https://twitter.com/tladeras/status/1333480918158254082,"@tladeras ggplot2::cut_width, cut_number and cut_interval to transform continuous variables into discrete bins"
30/11/2020 19:43:33,tladeras,https://twitter.com/tladeras/status/1333481813054873602,https://twitter.com/tladeras/status/1333480918158254082,"@francisco_yira Ah, very interesting!"
30/11/2020 19:40:55,tladeras,https://twitter.com/tladeras/status/1333481150505861122,https://twitter.com/tladeras/status/1333480918158254082,"Here's the list so far:; ; - dplyr::relocate(); - dplyr::count() / n(); - dplyr::distinct(); - dplyr::glimpse(); - dplyr::slice(); - ggplot2::geom_count()"
01/12/2020 17:06:20,robbins_ave,https://twitter.com/robbins_ave/status/1333804635090419718,https://twitter.com/tladeras/status/1333480918158254082,"@tladeras dplyr::add_count() is often useful"
01/12/2020 14:23:08,delaBJL,https://twitter.com/delaBJL/status/1333763565732376577,https://twitter.com/tladeras/status/1333480918158254082,"@tladeras ggplot2::stat_summary is fun; ; I use a lot of the stringr functions, str_remove(), str_detect(); ; pivot_longer() and pivot_wider() are fairly simple to grok and are incredibly useful"
01/12/2020 15:37:48,toeb18,https://twitter.com/toeb18/status/1333782355174154241,https://twitter.com/tladeras/status/1333480918158254082,"@delaBJL @tladeras str_wrap is also a fantastic one"
01/12/2020 13:59:22,GMFranceschini,https://twitter.com/GMFranceschini/status/1333757584432656386,https://twitter.com/tladeras/status/1333480918158254082,"@tladeras case_when(), group_by()/summarise()"
